sample_id,group,fold,model,reference,prediction,residual,evaluation,in_common_cohort
AS0_A0,A,3,single_FL,0.0,0.9627112628832464,0.9627112628832464,out_of_fold,True
AS0_B2,B,2,single_FL,0.0,-7.653013358115391,-7.653013358115391,out_of_fold,True
AS0_C2,C,1,single_FL,0.0,3.550826245169226,3.550826245169226,out_of_fold,True
AS0_D2,D,0,single_FL,0.0,-3.2785869475862945,-3.2785869475862945,out_of_fold,True
AS0_E2,E,4,single_FL,0.0,3.4541245143398775,3.4541245143398775,out_of_fold,True
AS0_F0,F,3,single_FL,0.0,0.5496356911689659,0.5496356911689659,out_of_fold,True
AS0_G1,G,2,single_FL,0.0,6.360664023299012,6.360664023299012,out_of_fold,True
AS0_H2,H,1,single_FL,0.0,3.3715013068481205,3.3715013068481205,out_of_fold,True
AS0_I0,I,0,single_FL,0.0,7.303861596290361,7.303861596290361,out_of_fold,True
AS0_J2,J,4,single_FL,0.0,-4.327377766880556,-4.327377766880556,out_of_fold,True
AS0_K2,K,3,single_FL,0.0,4.244216422354942,4.244216422354942,out_of_fold,True
AS0_L2,L,2,single_FL,0.0,-10.70029536029131,-10.70029536029131,out_of_fold,True
AS0_M0,M,1,single_FL,0.0,10.834437023239458,10.834437023239458,out_of_fold,True
AS0_N0,N,0,single_FL,0.0,11.221138944304881,11.221138944304881,out_of_fold,True
AS0_O0,O,4,single_FL,0.0,-1.4925186413973783,-1.4925186413973783,out_of_fold,True
AS0_P2,P,3,single_FL,0.0,-7.409948820987083,-7.409948820987083,out_of_fold,True
AS0_Q1,Q,2,single_FL,0.0,-31.714644491669624,-31.714644491669624,out_of_fold,True
AS0_R2,R,1,single_FL,0.0,5.753320810676183,5.753320810676183,out_of_fold,True
AS0_S0,S,0,single_FL,0.0,-9.809966828677059,-9.809966828677059,out_of_fold,True
AS0_T1,T,4,single_FL,0.0,8.162784413147696,8.162784413147696,out_of_fold,True
AS0_U0,U,3,single_FL,0.0,-6.670329581511915,-6.670329581511915,out_of_fold,True
AS0_V1,V,2,single_FL,0.0,-1.451335347957233,-1.451335347957233,out_of_fold,True
AS0_W2,W,1,single_FL,0.0,6.061200680981516,6.061200680981516,out_of_fold,True
AS0_X0,X,0,single_FL,0.0,8.25426659237536,8.25426659237536,out_of_fold,True
AS1_A1,A,3,single_FL,2.0,5.807025820049423,3.8070258200494234,out_of_fold,True
AS1_B2,B,2,single_FL,2.0,-2.47734651262682,-4.47734651262682,out_of_fold,True
AS1_C2,C,1,single_FL,2.0,9.09883727159227,7.09883727159227,out_of_fold,True
AS1_D0,D,0,single_FL,2.0,2.5028917844742757,0.5028917844742757,out_of_fold,True
AS1_E1,E,4,single_FL,2.0,7.278479792694382,5.278479792694382,out_of_fold,True
AS1_F2,F,3,single_FL,2.0,1.845552381753226,-0.154447618246774,out_of_fold,True
AS1_G2,G,2,single_FL,2.0,4.952700548268114,2.9527005482681137,out_of_fold,True
AS1_H0,H,1,single_FL,2.0,5.760017984893761,3.7600179848937607,out_of_fold,True
AS1_I0,I,0,single_FL,2.0,7.770515373281215,5.770515373281215,out_of_fold,True
AS1_J1,J,4,single_FL,2.0,0.14221472989206418,-1.8577852701079358,out_of_fold,True
AS1_K0,K,3,single_FL,2.0,9.923732155493935,7.923732155493935,out_of_fold,True
AS1_L1,L,2,single_FL,2.0,-6.680862530747714,-8.680862530747714,out_of_fold,True
AS1_M0,M,1,single_FL,2.0,13.65861941764351,11.65861941764351,out_of_fold,True
AS1_N0,N,0,single_FL,2.0,20.932671572681524,18.932671572681524,out_of_fold,True
AS1_O2,O,4,single_FL,2.0,1.4796301598475168,-0.5203698401524832,out_of_fold,True
AS1_P1,P,3,single_FL,2.0,-4.631358113335057,-6.631358113335057,out_of_fold,True
AS1_Q0,Q,2,single_FL,2.0,-21.2665754001287,-23.2665754001287,out_of_fold,True
AS1_R0,R,1,single_FL,2.0,5.4844828164174455,3.4844828164174455,out_of_fold,True
AS1_S1,S,0,single_FL,2.0,-0.9906092339303321,-2.990609233930332,out_of_fold,True
AS1_T0,T,4,single_FL,2.0,13.810394198080953,11.810394198080953,out_of_fold,True
AS1_U2,U,3,single_FL,2.0,-3.2072201278496415,-5.2072201278496415,out_of_fold,True
AS1_V2,V,2,single_FL,2.0,5.08576550991979,3.0857655099197903,out_of_fold,True
AS1_W2,W,1,single_FL,2.0,9.304582040056538,7.3045820400565376,out_of_fold,True
AS1_X0,X,0,single_FL,2.0,15.726867145930722,13.726867145930722,out_of_fold,True
AS2_A2,A,3,single_FL,4.0,9.37550979803367,5.37550979803367,out_of_fold,True
AS2_B0,B,2,single_FL,4.0,2.4104725531708837,-1.5895274468291163,out_of_fold,True
AS2_C1,C,1,single_FL,4.0,14.487368245308996,10.487368245308996,out_of_fold,True
AS2_D2,D,0,single_FL,4.0,7.964548092215429,3.964548092215429,out_of_fold,True
AS2_E0,E,4,single_FL,4.0,11.989627422952706,7.989627422952706,out_of_fold,True
AS2_F2,F,3,single_FL,4.0,8.071085764843945,4.071085764843945,out_of_fold,True
AS2_G0,G,2,single_FL,4.0,6.7240098723425366,2.7240098723425366,out_of_fold,True
AS2_H1,H,1,single_FL,4.0,8.370192633417778,4.370192633417778,out_of_fold,True
AS2_I2,I,0,single_FL,4.0,15.569361385076462,11.569361385076462,out_of_fold,True
AS2_J1,J,4,single_FL,4.0,4.9622858733258095,0.9622858733258095,out_of_fold,True
AS2_K0,K,3,single_FL,4.0,18.469129241594725,14.469129241594725,out_of_fold,True
AS2_L1,L,2,single_FL,4.0,1.5596262806393248,-2.440373719360675,out_of_fold,True
AS2_M0,M,1,single_FL,4.0,13.826490148766863,9.826490148766863,out_of_fold,True
AS2_N2,N,0,single_FL,4.0,23.945925587459033,19.945925587459033,out_of_fold,True
AS2_O1,O,4,single_FL,4.0,3.3684889186692004,-0.6315110813307996,out_of_fold,True
AS2_P0,P,3,single_FL,4.0,5.510324610707391,1.510324610707391,out_of_fold,True
AS2_Q1,Q,2,single_FL,4.0,-14.55300623381899,-18.55300623381899,out_of_fold,True
AS2_R2,R,1,single_FL,4.0,9.31485942917736,5.3148594291773605,out_of_fold,True
AS2_S0,S,0,single_FL,4.0,2.542288541400506,-1.4577114585994941,out_of_fold,True
AS2_T2,T,4,single_FL,4.0,22.20941516860279,18.20941516860279,out_of_fold,True
AS2_U1,U,3,single_FL,4.0,1.8412231377765416,-2.1587768622234584,out_of_fold,True
AS2_V0,V,2,single_FL,4.0,10.450979316902233,6.450979316902233,out_of_fold,True
AS2_W0,W,1,single_FL,4.0,11.696979016587914,7.696979016587914,out_of_fold,True
AS2_X2,X,0,single_FL,4.0,15.449668292434865,11.449668292434865,out_of_fold,True
AS3_A0,A,3,single_FL,7.0,14.202653871704273,7.202653871704273,out_of_fold,True
AS3_B0,B,2,single_FL,7.0,8.234857133841416,1.234857133841416,out_of_fold,True
AS3_C2,C,1,single_FL,7.0,17.578100827403087,10.578100827403087,out_of_fold,True
AS3_D1,D,0,single_FL,7.0,9.887136995868872,2.8871369958688717,out_of_fold,True
AS3_E0,E,4,single_FL,7.0,14.948738092691649,7.948738092691649,out_of_fold,True
AS3_F2,F,3,single_FL,7.0,6.331448823271785,-0.6685511767282151,out_of_fold,True
AS3_G0,G,2,single_FL,7.0,16.654012149554834,9.654012149554834,out_of_fold,True
AS3_H1,H,1,single_FL,7.0,15.6086846238579,8.6086846238579,out_of_fold,True
AS3_I1,I,0,single_FL,7.0,16.738852719417196,9.738852719417196,out_of_fold,True
AS3_J0,J,4,single_FL,7.0,8.79994652598376,1.79994652598376,out_of_fold,True
AS3_K1,K,3,single_FL,7.0,20.254247298946698,13.254247298946698,out_of_fold,True
AS3_L1,L,2,single_FL,7.0,7.918179850208734,0.9181798502087339,out_of_fold,True
AS3_M2,M,1,single_FL,7.0,20.042025373831407,13.042025373831407,out_of_fold,True
AS3_N1,N,0,single_FL,7.0,24.2445614303997,17.2445614303997,out_of_fold,True
AS3_O0,O,4,single_FL,7.0,7.677157361606577,0.6771573616065769,out_of_fold,True
AS3_P2,P,3,single_FL,7.0,5.495477836610116,-1.5045221633898844,out_of_fold,True
AS3_Q1,Q,2,single_FL,7.0,-10.28295137629372,-17.28295137629372,out_of_fold,True
AS3_R1,R,1,single_FL,7.0,13.705101108789368,6.705101108789368,out_of_fold,True
AS3_S1,S,0,single_FL,7.0,8.478919712399561,1.478919712399561,out_of_fold,True
AS3_T1,T,4,single_FL,7.0,24.59519589138124,17.59519589138124,out_of_fold,True
AS3_U1,U,3,single_FL,7.0,2.840165616629772,-4.159834383370228,out_of_fold,True
AS3_V2,V,2,single_FL,7.0,10.9409515205989,3.940951520598899,out_of_fold,True
AS3_W1,W,1,single_FL,7.0,16.90272521480493,9.902725214804931,out_of_fold,True
AS3_X2,X,0,single_FL,7.0,17.209232548791547,10.209232548791547,out_of_fold,True
AS4_A1,A,3,single_FL,9.0,12.887727652819965,3.887727652819965,out_of_fold,True
AS4_B1,B,2,single_FL,9.0,4.515196806689877,-4.484803193310123,out_of_fold,True
AS4_C1,C,1,single_FL,9.0,21.879679759169566,12.879679759169566,out_of_fold,True
AS4_D1,D,0,single_FL,9.0,10.910916376054148,1.910916376054148,out_of_fold,True
AS4_E2,E,4,single_FL,9.0,13.740173623493579,4.740173623493579,out_of_fold,True
AS4_F2,F,3,single_FL,9.0,11.729917976904622,2.7299179769046216,out_of_fold,True
AS4_G2,G,2,single_FL,9.0,13.206229482445583,4.206229482445583,out_of_fold,True
AS4_H1,H,1,single_FL,9.0,16.566721467377352,7.566721467377352,out_of_fold,True
AS4_I1,I,0,single_FL,9.0,19.263991126166616,10.263991126166616,out_of_fold,True
AS4_J2,J,4,single_FL,9.0,9.384507419269458,0.38450741926945753,out_of_fold,True
AS4_K2,K,3,single_FL,9.0,21.951091118470682,12.951091118470682,out_of_fold,True
AS4_L1,L,2,single_FL,9.0,9.14511172326246,0.1451117232624597,out_of_fold,True
AS4_M2,M,1,single_FL,9.0,23.118225768454515,14.118225768454515,out_of_fold,True
AS4_N2,N,0,single_FL,9.0,31.831007493749684,22.831007493749684,out_of_fold,True
AS4_O1,O,4,single_FL,9.0,9.411819222868157,0.4118192228681572,out_of_fold,True
AS4_P0,P,3,single_FL,9.0,8.180744692237694,-0.8192553077623064,out_of_fold,True
AS4_Q0,Q,2,single_FL,9.0,-3.505557194310313,-12.505557194310313,out_of_fold,True
AS4_R2,R,1,single_FL,9.0,15.156642725840129,6.156642725840129,out_of_fold,True
AS4_S1,S,0,single_FL,9.0,8.663389208051004,-0.33661079194899557,out_of_fold,True
AS4_T1,T,4,single_FL,9.0,26.21989424422618,17.21989424422618,out_of_fold,True
AS4_U1,U,3,single_FL,9.0,4.636458323572631,-4.363541676427369,out_of_fold,True
AS4_V0,V,2,single_FL,9.0,14.152477655862969,5.152477655862969,out_of_fold,True
AS4_W0,W,1,single_FL,9.0,19.01789724810528,10.017897248105282,out_of_fold,True
AS4_X1,X,0,single_FL,9.0,19.687969128105145,10.687969128105145,out_of_fold,True
AS5_A1,A,3,single_FL,18.0,20.18212590606306,2.1821259060630602,out_of_fold,True
AS5_B1,B,2,single_FL,18.0,14.665593679423775,-3.3344063205762247,out_of_fold,True
AS5_C0,C,1,single_FL,18.0,24.098681905704737,6.098681905704737,out_of_fold,True
AS5_D0,D,0,single_FL,18.0,19.256127330334486,1.2561273303344862,out_of_fold,True
AS5_E1,E,4,single_FL,18.0,25.729236379619916,7.729236379619916,out_of_fold,True
AS5_F1,F,3,single_FL,18.0,18.854069997538357,0.8540699975383568,out_of_fold,True
AS5_G1,G,2,single_FL,18.0,22.48694143870725,4.486941438707252,out_of_fold,True
AS5_H1,H,1,single_FL,18.0,19.183669855834772,1.183669855834772,out_of_fold,True
AS5_I2,I,0,single_FL,18.0,23.743510390786653,5.743510390786653,out_of_fold,True
AS5_J0,J,4,single_FL,18.0,14.203164733994333,-3.796835266005667,out_of_fold,True
AS5_K2,K,3,single_FL,18.0,26.433890081617633,8.433890081617633,out_of_fold,True
AS5_L2,L,2,single_FL,18.0,11.396045237859168,-6.603954762140832,out_of_fold,True
AS5_M1,M,1,single_FL,18.0,33.02171026197153,15.021710261971528,out_of_fold,True
AS5_N2,N,0,single_FL,18.0,39.11082514537352,21.110825145373518,out_of_fold,True
AS5_O2,O,4,single_FL,18.0,15.262056573899756,-2.7379434261002444,out_of_fold,True
AS5_P2,P,3,single_FL,18.0,17.036147227649533,-0.9638527723504673,out_of_fold,True
AS5_Q0,Q,2,single_FL,18.0,4.987407208673066,-13.012592791326934,out_of_fold,True
AS5_R2,R,1,single_FL,18.0,24.058596007365566,6.058596007365566,out_of_fold,True
AS5_S2,S,0,single_FL,18.0,14.888383914148472,-3.1116160858515283,out_of_fold,True
AS5_T2,T,4,single_FL,18.0,35.52791862969773,17.52791862969773,out_of_fold,True
AS5_U2,U,3,single_FL,18.0,12.724673780002814,-5.275326219997186,out_of_fold,True
AS5_V0,V,2,single_FL,18.0,30.004397996910196,12.004397996910196,out_of_fold,True
AS5_W1,W,1,single_FL,18.0,24.605952508048382,6.605952508048382,out_of_fold,True
AS5_X2,X,0,single_FL,18.0,22.95777500698507,4.95777500698507,out_of_fold,True
AS6_A0,A,3,single_FL,27.0,29.409298923079252,2.409298923079252,out_of_fold,True
AS6_B1,B,2,single_FL,27.0,26.66213638273578,-0.3378636172642189,out_of_fold,True
AS6_C2,C,1,single_FL,27.0,35.983000419640405,8.983000419640405,out_of_fold,True
AS6_D0,D,0,single_FL,27.0,30.290590286972282,3.2905902869722823,out_of_fold,True
AS6_E1,E,4,single_FL,27.0,30.40593298941173,3.405932989411731,out_of_fold,True
AS6_F1,F,3,single_FL,27.0,25.243712600012834,-1.7562873999871655,out_of_fold,True
AS6_G2,G,2,single_FL,27.0,31.88980473462285,4.8898047346228495,out_of_fold,True
AS6_H0,H,1,single_FL,27.0,25.235431029604516,-1.7645689703954837,out_of_fold,True
AS6_I1,I,0,single_FL,27.0,36.38977631485383,9.389776314853833,out_of_fold,True
AS6_J0,J,4,single_FL,27.0,23.15570367290791,-3.8442963270920885,out_of_fold,True
AS6_K2,K,3,single_FL,27.0,41.37987177183949,14.37987177183949,out_of_fold,True
AS6_L0,L,2,single_FL,27.0,19.026274419033637,-7.973725580966363,out_of_fold,True
AS6_M1,M,1,single_FL,27.0,36.43378665948494,9.433786659484937,out_of_fold,True
AS6_N1,N,0,single_FL,27.0,46.34662825000382,19.346628250003818,out_of_fold,True
AS6_O0,O,4,single_FL,27.0,25.59013909033469,-1.4098609096653085,out_of_fold,True
AS6_P1,P,3,single_FL,27.0,22.070428426714145,-4.929571573285855,out_of_fold,True
AS6_Q1,Q,2,single_FL,27.0,11.682098675075268,-15.317901324924732,out_of_fold,True
AS6_R1,R,1,single_FL,27.0,25.88434406919988,-1.11565593080012,out_of_fold,True
AS6_S0,S,0,single_FL,27.0,22.90097207890731,-4.099027921092691,out_of_fold,True
AS6_T2,T,4,single_FL,27.0,41.967588738113506,14.967588738113506,out_of_fold,True
AS6_U1,U,3,single_FL,27.0,14.364959893391116,-12.635040106608884,out_of_fold,True
AS6_V2,V,2,single_FL,27.0,36.20700820055056,9.207008200550561,out_of_fold,True
AS6_W2,W,1,single_FL,27.0,31.277678050938327,4.277678050938327,out_of_fold,True
AS6_X2,X,0,single_FL,27.0,21.255577222480614,-5.744422777519386,out_of_fold,True
AS7_A0,A,3,single_FL,36.0,30.19032837709203,-5.80967162290797,out_of_fold,True
AS7_B2,B,2,single_FL,36.0,38.829006315983364,2.8290063159833636,out_of_fold,True
AS7_C0,C,1,single_FL,36.0,38.95606287913563,2.9560628791356294,out_of_fold,True
AS7_D0,D,0,single_FL,36.0,31.41454811996862,-4.585451880031378,out_of_fold,True
AS7_E0,E,4,single_FL,36.0,38.11200603413782,2.1120060341378206,out_of_fold,True
AS7_F2,F,3,single_FL,36.0,22.951179759535044,-13.048820240464956,out_of_fold,True
AS7_G2,G,2,single_FL,36.0,39.806695788623934,3.8066957886239337,out_of_fold,True
AS7_H0,H,1,single_FL,36.0,31.80126779308127,-4.198732206918731,out_of_fold,True
AS7_I2,I,0,single_FL,36.0,39.15281157273368,3.1528115727336825,out_of_fold,True
AS7_J2,J,4,single_FL,36.0,28.181770346890396,-7.818229653109604,out_of_fold,True
AS7_K0,K,3,single_FL,36.0,39.32585170220452,3.325851702204517,out_of_fold,True
AS7_L1,L,2,single_FL,36.0,23.27131296614937,-12.72868703385063,out_of_fold,True
AS7_M2,M,1,single_FL,36.0,39.626679792263516,3.6266797922635163,out_of_fold,True
AS7_N1,N,0,single_FL,36.0,44.6579945320028,8.657994532002803,out_of_fold,True
AS7_O2,O,4,single_FL,36.0,23.39345299934923,-12.606547000650771,out_of_fold,True
AS7_P2,P,3,single_FL,36.0,32.801977995341105,-3.1980220046588954,out_of_fold,True
AS7_Q1,Q,2,single_FL,36.0,15.170325599998957,-20.829674400001043,out_of_fold,True
AS7_R1,R,1,single_FL,36.0,30.7852994800502,-5.214700519949801,out_of_fold,True
AS7_S0,S,0,single_FL,36.0,29.227182969996292,-6.772817030003708,out_of_fold,True
AS7_T1,T,4,single_FL,36.0,47.907863442174786,11.907863442174786,out_of_fold,True
AS7_U0,U,3,single_FL,36.0,19.250000694991474,-16.749999305008526,out_of_fold,True
AS7_V1,V,2,single_FL,36.0,40.34016932158205,4.340169321582053,out_of_fold,True
AS7_W2,W,1,single_FL,36.0,37.925675269097795,1.9256752690977947,out_of_fold,True
AS7_X1,X,0,single_FL,36.0,27.160036272678905,-8.839963727321095,out_of_fold,True
AS8_A0,A,3,single_FL,45.0,37.234698297523735,-7.765301702476265,out_of_fold,True
AS8_B0,B,2,single_FL,45.0,32.62904660506962,-12.370953394930382,out_of_fold,True
AS8_C2,C,1,single_FL,45.0,43.76491769100518,-1.2350823089948193,out_of_fold,True
AS8_D1,D,0,single_FL,45.0,35.314147268281694,-9.685852731718306,out_of_fold,True
AS8_E0,E,4,single_FL,45.0,35.79984036992644,-9.200159630073557,out_of_fold,True
AS8_F0,F,3,single_FL,45.0,30.720982578209227,-14.279017421790773,out_of_fold,True
AS8_G1,G,2,single_FL,45.0,41.706800523747944,-3.293199476252056,out_of_fold,True
AS8_H0,H,1,single_FL,45.0,29.815086664436073,-15.184913335563927,out_of_fold,True
AS8_I0,I,0,single_FL,45.0,45.23733314721633,0.23733314721633292,out_of_fold,True
AS8_J2,J,4,single_FL,45.0,30.211928077243005,-14.788071922756995,out_of_fold,True
AS8_K0,K,3,single_FL,45.0,45.25820445975998,0.2582044597599804,out_of_fold,True
AS8_L0,L,2,single_FL,45.0,28.092621148983255,-16.907378851016745,out_of_fold,True
AS8_M1,M,1,single_FL,45.0,45.500625343042934,0.5006253430429339,out_of_fold,True
AS8_N0,N,0,single_FL,45.0,51.82190036365833,6.8219003636583295,out_of_fold,True
AS8_O2,O,4,single_FL,45.0,32.71793962193396,-12.282060378066042,out_of_fold,True
AS8_P0,P,3,single_FL,45.0,34.14694772379032,-10.85305227620968,out_of_fold,True
AS8_Q1,Q,2,single_FL,45.0,21.626995379934744,-23.373004620065256,out_of_fold,True
AS8_R2,R,1,single_FL,45.0,36.69224798185549,-8.307752018144512,out_of_fold,True
AS8_S2,S,0,single_FL,45.0,31.183375116447188,-13.816624883552812,out_of_fold,True
AS8_T2,T,4,single_FL,45.0,55.92842977150428,10.928429771504277,out_of_fold,True
AS8_U0,U,3,single_FL,45.0,22.033980388559637,-22.966019611440363,out_of_fold,True
AS8_V2,V,2,single_FL,45.0,41.987159232722526,-3.012840767277474,out_of_fold,True
AS8_W0,W,1,single_FL,45.0,39.6776860998895,-5.322313900110501,out_of_fold,True
AS8_X2,X,0,single_FL,45.0,32.73425587646762,-12.265744123532379,out_of_fold,True
AS9_A0,A,3,single_FL,53.0,31.928801510076482,-21.071198489923518,out_of_fold,True
AS9_B0,B,2,single_FL,53.0,34.81237898918218,-18.18762101081782,out_of_fold,True
AS9_C0,C,1,single_FL,53.0,43.17143393467094,-9.828566065329063,out_of_fold,True
AS9_D0,D,0,single_FL,53.0,36.53000320672799,-16.46999679327201,out_of_fold,True
AS9_E1,E,4,single_FL,53.0,38.49873485111708,-14.501265148882922,out_of_fold,True
AS9_F1,F,3,single_FL,53.0,31.246076455975132,-21.753923544024868,out_of_fold,True
AS9_G2,G,2,single_FL,53.0,46.02199527302546,-6.9780047269745396,out_of_fold,True
AS9_H0,H,1,single_FL,53.0,34.83713253496556,-18.162867465034438,out_of_fold,True
AS9_I1,I,0,single_FL,53.0,46.99207203329307,-6.00792796670693,out_of_fold,True
AS9_J1,J,4,single_FL,53.0,28.382517250300257,-24.617482749699743,out_of_fold,True
AS9_K1,K,3,single_FL,53.0,47.961152166127135,-5.038847833872865,out_of_fold,True
AS9_L1,L,2,single_FL,53.0,29.507556591481976,-23.492443408518024,out_of_fold,True
AS9_M0,M,1,single_FL,53.0,45.43954248396524,-7.560457516034759,out_of_fold,True
AS9_N0,N,0,single_FL,53.0,57.130880200080824,4.130880200080824,out_of_fold,True
AS9_O1,O,4,single_FL,53.0,32.446048099866914,-20.553951900133086,out_of_fold,True
AS9_P0,P,3,single_FL,53.0,33.45419896775289,-19.545801032247113,out_of_fold,True
AS9_Q0,Q,2,single_FL,53.0,27.357301691834728,-25.642698308165272,out_of_fold,True
AS9_R0,R,1,single_FL,53.0,39.972588628335906,-13.027411371664094,out_of_fold,True
AS9_S2,S,0,single_FL,53.0,28.471204998495914,-24.528795001504086,out_of_fold,True
AS9_T2,T,4,single_FL,53.0,52.39873988285632,-0.6012601171436813,out_of_fold,True
AS9_U0,U,3,single_FL,53.0,27.910589746470702,-25.089410253529298,out_of_fold,True
AS9_V2,V,2,single_FL,53.0,48.33468645581449,-4.6653135441855085,out_of_fold,True
AS9_W2,W,1,single_FL,53.0,36.80030457026544,-16.19969542973456,out_of_fold,True
AS9_X0,X,0,single_FL,53.0,33.34581008001934,-19.65418991998066,out_of_fold,True
AS0_A0,A,3,single_UV,0.0,24.346000576310157,24.346000576310157,out_of_fold,True
AS0_B2,B,2,single_UV,0.0,-0.04161414336377334,-0.04161414336377334,out_of_fold,True
AS0_C2,C,1,single_UV,0.0,12.043479842661307,12.043479842661307,out_of_fold,True
AS0_D2,D,0,single_UV,0.0,20.45336715006034,20.45336715006034,out_of_fold,True
AS0_E2,E,4,single_UV,0.0,6.10391779736992,6.10391779736992,out_of_fold,True
AS0_F0,F,3,single_UV,0.0,10.313219224073357,10.313219224073357,out_of_fold,True
AS0_G1,G,2,single_UV,0.0,7.359993346323057,7.359993346323057,out_of_fold,True
AS0_H2,H,1,single_UV,0.0,9.125862538274552,9.125862538274552,out_of_fold,True
AS0_I0,I,0,single_UV,0.0,9.161565110854971,9.161565110854971,out_of_fold,True
AS0_J2,J,4,single_UV,0.0,11.068792781012672,11.068792781012672,out_of_fold,True
AS0_K2,K,3,single_UV,0.0,19.293393809635717,19.293393809635717,out_of_fold,True
AS0_L2,L,2,single_UV,0.0,7.0684812249892826,7.0684812249892826,out_of_fold,True
AS0_M0,M,1,single_UV,0.0,6.862650817313638,6.862650817313638,out_of_fold,True
AS0_N0,N,0,single_UV,0.0,5.482759606021741,5.482759606021741,out_of_fold,True
AS0_O0,O,4,single_UV,0.0,-0.5537311530712614,-0.5537311530712614,out_of_fold,True
AS0_P2,P,3,single_UV,0.0,8.955516640670686,8.955516640670686,out_of_fold,True
AS0_Q1,Q,2,single_UV,0.0,2.563167002087045,2.563167002087045,out_of_fold,True
AS0_R2,R,1,single_UV,0.0,3.8926070703645266,3.8926070703645266,out_of_fold,True
AS0_S0,S,0,single_UV,0.0,12.51607067049895,12.51607067049895,out_of_fold,True
AS0_T1,T,4,single_UV,0.0,-5.333042623146909,-5.333042623146909,out_of_fold,True
AS0_U0,U,3,single_UV,0.0,3.99365940516212,3.99365940516212,out_of_fold,True
AS0_V1,V,2,single_UV,0.0,21.07898332501025,21.07898332501025,out_of_fold,True
AS0_W2,W,1,single_UV,0.0,7.572655566275319,7.572655566275319,out_of_fold,True
AS0_X0,X,0,single_UV,0.0,-0.34118916586329817,-0.34118916586329817,out_of_fold,True
AS1_A1,A,3,single_UV,2.0,9.90459432127809,7.90459432127809,out_of_fold,True
AS1_B2,B,2,single_UV,2.0,1.7779167215220575,-0.22208327847794251,out_of_fold,True
AS1_C2,C,1,single_UV,2.0,13.247383075475874,11.247383075475874,out_of_fold,True
AS1_D0,D,0,single_UV,2.0,17.66666414536085,15.666664145360851,out_of_fold,True
AS1_E1,E,4,single_UV,2.0,6.666272945888878,4.666272945888878,out_of_fold,True
AS1_F2,F,3,single_UV,2.0,10.097856540341464,8.097856540341464,out_of_fold,True
AS1_G2,G,2,single_UV,2.0,1.3098293472417701,-0.6901706527582299,out_of_fold,True
AS1_H0,H,1,single_UV,2.0,7.716147935932495,5.716147935932495,out_of_fold,True
AS1_I0,I,0,single_UV,2.0,0.7720727094648687,-1.2279272905351313,out_of_fold,True
AS1_J1,J,4,single_UV,2.0,14.422044113492674,12.422044113492674,out_of_fold,True
AS1_K0,K,3,single_UV,2.0,6.664889693532455,4.664889693532455,out_of_fold,True
AS1_L1,L,2,single_UV,2.0,9.89057791679297,7.890577916792971,out_of_fold,True
AS1_M0,M,1,single_UV,2.0,8.65708417166353,6.657084171663531,out_of_fold,True
AS1_N0,N,0,single_UV,2.0,0.17221678531556606,-1.827783214684434,out_of_fold,True
AS1_O2,O,4,single_UV,2.0,5.985255583751673,3.985255583751673,out_of_fold,True
AS1_P1,P,3,single_UV,2.0,10.348989532109528,8.348989532109528,out_of_fold,True
AS1_Q0,Q,2,single_UV,2.0,-2.315141564358708,-4.315141564358708,out_of_fold,True
AS1_R0,R,1,single_UV,2.0,6.243799019964952,4.243799019964952,out_of_fold,True
AS1_S1,S,0,single_UV,2.0,-2.3593530096477977,-4.359353009647798,out_of_fold,True
AS1_T0,T,4,single_UV,2.0,11.346015729579062,9.346015729579062,out_of_fold,True
AS1_U2,U,3,single_UV,2.0,6.754424819417398,4.754424819417398,out_of_fold,True
AS1_V2,V,2,single_UV,2.0,9.734665748974622,7.7346657489746224,out_of_fold,True
AS1_W2,W,1,single_UV,2.0,8.119486472945619,6.119486472945619,out_of_fold,True
AS1_X0,X,0,single_UV,2.0,-0.647912288883159,-2.647912288883159,out_of_fold,True
AS2_A2,A,3,single_UV,4.0,9.868038437822223,5.868038437822223,out_of_fold,True
AS2_B0,B,2,single_UV,4.0,4.114230788354714,0.11423078835471401,out_of_fold,True
AS2_C1,C,1,single_UV,4.0,16.543560957661875,12.543560957661875,out_of_fold,True
AS2_D2,D,0,single_UV,4.0,19.53732715603458,15.537327156034578,out_of_fold,True
AS2_E0,E,4,single_UV,4.0,5.234246075783565,1.234246075783565,out_of_fold,True
AS2_F2,F,3,single_UV,4.0,10.232507463387671,6.232507463387671,out_of_fold,True
AS2_G0,G,2,single_UV,4.0,3.5505542254539293,-0.4494457745460707,out_of_fold,True
AS2_H1,H,1,single_UV,4.0,8.100028678098191,4.100028678098191,out_of_fold,True
AS2_I2,I,0,single_UV,4.0,3.8934766159763754,-0.1065233840236246,out_of_fold,True
AS2_J1,J,4,single_UV,4.0,14.080258765656374,10.080258765656374,out_of_fold,True
AS2_K0,K,3,single_UV,4.0,7.874550476806235,3.8745504768062347,out_of_fold,True
AS2_L1,L,2,single_UV,4.0,3.8312696118386036,-0.1687303881613964,out_of_fold,True
AS2_M0,M,1,single_UV,4.0,8.928993154309431,4.928993154309431,out_of_fold,True
AS2_N2,N,0,single_UV,4.0,-1.3814748357558386,-5.381474835755839,out_of_fold,True
AS2_O1,O,4,single_UV,4.0,2.4972158275246628,-1.5027841724753372,out_of_fold,True
AS2_P0,P,3,single_UV,4.0,10.047562533701504,6.0475625337015035,out_of_fold,True
AS2_Q1,Q,2,single_UV,4.0,2.712276828947072,-1.287723171052928,out_of_fold,True
AS2_R2,R,1,single_UV,4.0,6.147023870468292,2.147023870468292,out_of_fold,True
AS2_S0,S,0,single_UV,4.0,1.3113922525916486,-2.6886077474083514,out_of_fold,True
AS2_T2,T,4,single_UV,4.0,14.917551988891605,10.917551988891605,out_of_fold,True
AS2_U1,U,3,single_UV,4.0,6.609498619068782,2.6094986190687823,out_of_fold,True
AS2_V0,V,2,single_UV,4.0,11.567307702969707,7.567307702969707,out_of_fold,True
AS2_W0,W,1,single_UV,4.0,8.31909065619949,4.31909065619949,out_of_fold,True
AS2_X2,X,0,single_UV,4.0,-4.27128674064755,-8.27128674064755,out_of_fold,True
AS3_A0,A,3,single_UV,7.0,9.314921548009899,2.314921548009899,out_of_fold,True
AS3_B0,B,2,single_UV,7.0,5.552978007421574,-1.447021992578426,out_of_fold,True
AS3_C2,C,1,single_UV,7.0,17.689882713754827,10.689882713754827,out_of_fold,True
AS3_D1,D,0,single_UV,7.0,19.750247554323757,12.750247554323757,out_of_fold,True
AS3_E0,E,4,single_UV,7.0,12.137494619509127,5.137494619509127,out_of_fold,True
AS3_F2,F,3,single_UV,7.0,9.990731765352418,2.990731765352418,out_of_fold,True
AS3_G0,G,2,single_UV,7.0,1.029969115002345,-5.970030884997655,out_of_fold,True
AS3_H1,H,1,single_UV,7.0,12.971979782757655,5.971979782757655,out_of_fold,True
AS3_I1,I,0,single_UV,7.0,3.7238206985164766,-3.2761793014835234,out_of_fold,True
AS3_J0,J,4,single_UV,7.0,17.186090492120844,10.186090492120844,out_of_fold,True
AS3_K1,K,3,single_UV,7.0,7.97700636792092,0.9770063679209198,out_of_fold,True
AS3_L1,L,2,single_UV,7.0,8.693703119169388,1.6937031191693883,out_of_fold,True
AS3_M2,M,1,single_UV,7.0,13.98430699429749,6.984306994297491,out_of_fold,True
AS3_N1,N,0,single_UV,7.0,-2.6875431379148935,-9.687543137914894,out_of_fold,True
AS3_O0,O,4,single_UV,7.0,4.791415742581805,-2.2085842574181953,out_of_fold,True
AS3_P2,P,3,single_UV,7.0,15.097220995258134,8.097220995258134,out_of_fold,True
AS3_Q1,Q,2,single_UV,7.0,-3.3087211554813223,-10.308721155481322,out_of_fold,True
AS3_R1,R,1,single_UV,7.0,8.615954761615198,1.615954761615198,out_of_fold,True
AS3_S1,S,0,single_UV,7.0,0.5488402839868378,-6.451159716013162,out_of_fold,True
AS3_T1,T,4,single_UV,7.0,19.095673743838958,12.095673743838958,out_of_fold,True
AS3_U1,U,3,single_UV,7.0,8.168828027387253,1.1688280273872529,out_of_fold,True
AS3_V2,V,2,single_UV,7.0,16.325980859924577,9.325980859924577,out_of_fold,True
AS3_W1,W,1,single_UV,7.0,10.965793764455444,3.9657937644554444,out_of_fold,True
AS3_X2,X,0,single_UV,7.0,-0.41926732977321635,-7.419267329773216,out_of_fold,True
AS4_A1,A,3,single_UV,9.0,13.04726175457871,4.0472617545787095,out_of_fold,True
AS4_B1,B,2,single_UV,9.0,7.079921973479841,-1.9200780265201587,out_of_fold,True
AS4_C1,C,1,single_UV,9.0,21.17009045421588,12.170090454215881,out_of_fold,True
AS4_D1,D,0,single_UV,9.0,27.947049882054117,18.947049882054117,out_of_fold,True
AS4_E2,E,4,single_UV,9.0,12.326875938329371,3.326875938329371,out_of_fold,True
AS4_F2,F,3,single_UV,9.0,13.87910810400001,4.879108104000011,out_of_fold,True
AS4_G2,G,2,single_UV,9.0,6.0012024467203595,-2.9987975532796405,out_of_fold,True
AS4_H1,H,1,single_UV,9.0,11.051893974032046,2.051893974032046,out_of_fold,True
AS4_I1,I,0,single_UV,9.0,6.579049531734174,-2.4209504682658256,out_of_fold,True
AS4_J2,J,4,single_UV,9.0,17.804830421319398,8.804830421319398,out_of_fold,True
AS4_K2,K,3,single_UV,9.0,13.66559509621144,4.66559509621144,out_of_fold,True
AS4_L1,L,2,single_UV,9.0,10.00127446330313,1.0012744633031296,out_of_fold,True
AS4_M2,M,1,single_UV,9.0,16.804960797255248,7.804960797255248,out_of_fold,True
AS4_N2,N,0,single_UV,9.0,-0.3543829823183202,-9.35438298231832,out_of_fold,True
AS4_O1,O,4,single_UV,9.0,6.080186802662833,-2.9198131973371666,out_of_fold,True
AS4_P0,P,3,single_UV,9.0,12.360180613983111,3.360180613983111,out_of_fold,True
AS4_Q0,Q,2,single_UV,9.0,1.462502225053413,-7.537497774946587,out_of_fold,True
AS4_R2,R,1,single_UV,9.0,11.68027988720418,2.680279887204181,out_of_fold,True
AS4_S1,S,0,single_UV,9.0,3.933419579489758,-5.066580420510242,out_of_fold,True
AS4_T1,T,4,single_UV,9.0,21.31340206644235,12.31340206644235,out_of_fold,True
AS4_U1,U,3,single_UV,9.0,10.096300830450232,1.0963008304502324,out_of_fold,True
AS4_V0,V,2,single_UV,9.0,22.052890142221333,13.052890142221333,out_of_fold,True
AS4_W0,W,1,single_UV,9.0,13.439831607125225,4.439831607125225,out_of_fold,True
AS4_X1,X,0,single_UV,9.0,-1.0248891599011962,-10.024889159901196,out_of_fold,True
AS5_A1,A,3,single_UV,18.0,19.281471907662088,1.2814719076620875,out_of_fold,True
AS5_B1,B,2,single_UV,18.0,11.746067327847584,-6.253932672152416,out_of_fold,True
AS5_C0,C,1,single_UV,18.0,30.218692881777226,12.218692881777226,out_of_fold,True
AS5_D0,D,0,single_UV,18.0,30.961867854562975,12.961867854562975,out_of_fold,True
AS5_E1,E,4,single_UV,18.0,13.905386012164797,-4.094613987835203,out_of_fold,True
AS5_F1,F,3,single_UV,18.0,16.820438005776662,-1.179561994223338,out_of_fold,True
AS5_G1,G,2,single_UV,18.0,10.936304954031776,-7.063695045968224,out_of_fold,True
AS5_H1,H,1,single_UV,18.0,19.71204099775727,1.7120409977572706,out_of_fold,True
AS5_I2,I,0,single_UV,18.0,14.327682133679515,-3.672317866320485,out_of_fold,True
AS5_J0,J,4,single_UV,18.0,22.774029002039132,4.774029002039132,out_of_fold,True
AS5_K2,K,3,single_UV,18.0,19.22571481935299,1.2257148193529908,out_of_fold,True
AS5_L2,L,2,single_UV,18.0,14.710948846845305,-3.289051153154695,out_of_fold,True
AS5_M1,M,1,single_UV,18.0,27.216341702567373,9.216341702567373,out_of_fold,True
AS5_N2,N,0,single_UV,18.0,4.353327459221786,-13.646672540778214,out_of_fold,True
AS5_O2,O,4,single_UV,18.0,11.798778382049486,-6.201221617950514,out_of_fold,True
AS5_P2,P,3,single_UV,18.0,17.571890698666827,-0.4281093013331727,out_of_fold,True
AS5_Q0,Q,2,single_UV,18.0,3.001877051927959,-14.99812294807204,out_of_fold,True
AS5_R2,R,1,single_UV,18.0,16.3585390541868,-1.6414609458132006,out_of_fold,True
AS5_S2,S,0,single_UV,18.0,11.138379855274815,-6.861620144725185,out_of_fold,True
AS5_T2,T,4,single_UV,18.0,25.601479096022917,7.601479096022917,out_of_fold,True
AS5_U2,U,3,single_UV,18.0,12.004865300237164,-5.995134699762836,out_of_fold,True
AS5_V0,V,2,single_UV,18.0,21.845421933122974,3.8454219331229744,out_of_fold,True
AS5_W1,W,1,single_UV,18.0,20.45779112410691,2.4577911241069117,out_of_fold,True
AS5_X2,X,0,single_UV,18.0,6.1707987976431,-11.8292012023569,out_of_fold,True
AS6_A0,A,3,single_UV,27.0,31.68119948671411,4.68119948671411,out_of_fold,True
AS6_B1,B,2,single_UV,27.0,19.71066089896054,-7.2893391010394595,out_of_fold,True
AS6_C2,C,1,single_UV,27.0,52.74099484091424,25.74099484091424,out_of_fold,True
AS6_D0,D,0,single_UV,27.0,50.80212336292356,23.80212336292356,out_of_fold,True
AS6_E1,E,4,single_UV,27.0,21.482110099166103,-5.517889900833897,out_of_fold,True
AS6_F1,F,3,single_UV,27.0,30.24800789377335,3.2480078937733516,out_of_fold,True
AS6_G2,G,2,single_UV,27.0,20.13708855915817,-6.862911440841831,out_of_fold,True
AS6_H0,H,1,single_UV,27.0,28.33128231927568,1.3312823192756795,out_of_fold,True
AS6_I1,I,0,single_UV,27.0,31.22707534002702,4.227075340027021,out_of_fold,True
AS6_J0,J,4,single_UV,27.0,29.097378980942946,2.0973789809429455,out_of_fold,True
AS6_K2,K,3,single_UV,27.0,25.19672420179244,-1.8032757982075616,out_of_fold,True
AS6_L0,L,2,single_UV,27.0,23.021745511668243,-3.978254488331757,out_of_fold,True
AS6_M1,M,1,single_UV,27.0,43.32403541819389,16.324035418193887,out_of_fold,True
AS6_N1,N,0,single_UV,27.0,11.370919613097893,-15.629080386902107,out_of_fold,True
AS6_O0,O,4,single_UV,27.0,17.46100658730057,-9.53899341269943,out_of_fold,True
AS6_P1,P,3,single_UV,27.0,22.34220762591912,-4.657792374080881,out_of_fold,True
AS6_Q1,Q,2,single_UV,27.0,8.442810128964881,-18.55718987103512,out_of_fold,True
AS6_R1,R,1,single_UV,27.0,25.395042430486534,-1.6049575695134664,out_of_fold,True
AS6_S0,S,0,single_UV,27.0,4.849576751880342,-22.150423248119658,out_of_fold,True
AS6_T2,T,4,single_UV,27.0,31.859861902129097,4.859861902129097,out_of_fold,True
AS6_U1,U,3,single_UV,27.0,18.992940289961204,-8.007059710038796,out_of_fold,True
AS6_V2,V,2,single_UV,27.0,31.244306508266487,4.244306508266487,out_of_fold,True
AS6_W2,W,1,single_UV,27.0,30.311950313059626,3.3119503130596257,out_of_fold,True
AS6_X2,X,0,single_UV,27.0,7.40637513841374,-19.59362486158626,out_of_fold,True
AS7_A0,A,3,single_UV,36.0,37.47815461573566,1.4781546157356615,out_of_fold,True
AS7_B2,B,2,single_UV,36.0,32.675735109368006,-3.3242648906319943,out_of_fold,True
AS7_C0,C,1,single_UV,36.0,56.64870416241393,20.648704162413928,out_of_fold,True
AS7_D0,D,0,single_UV,36.0,53.446421328183995,17.446421328183995,out_of_fold,True
AS7_E0,E,4,single_UV,36.0,36.17880843035385,0.17880843035384686,out_of_fold,True
AS7_F2,F,3,single_UV,36.0,28.421072600863095,-7.578927399136905,out_of_fold,True
AS7_G2,G,2,single_UV,36.0,32.17811830921136,-3.8218816907886435,out_of_fold,True
AS7_H0,H,1,single_UV,36.0,41.37951667295565,5.379516672955653,out_of_fold,True
AS7_I2,I,0,single_UV,36.0,34.656202767823025,-1.3437972321769749,out_of_fold,True
AS7_J2,J,4,single_UV,36.0,37.72696433274464,1.7269643327446431,out_of_fold,True
AS7_K0,K,3,single_UV,36.0,32.53010741698599,-3.4698925830140084,out_of_fold,True
AS7_L1,L,2,single_UV,36.0,28.815668637748736,-7.184331362251264,out_of_fold,True
AS7_M2,M,1,single_UV,36.0,55.43967041078473,19.43967041078473,out_of_fold,True
AS7_N1,N,0,single_UV,36.0,14.20946289625821,-21.79053710374179,out_of_fold,True
AS7_O2,O,4,single_UV,36.0,29.11614465786443,-6.883855342135568,out_of_fold,True
AS7_P2,P,3,single_UV,36.0,30.980144523472767,-5.019855476527233,out_of_fold,True
AS7_Q1,Q,2,single_UV,36.0,13.990305703652869,-22.00969429634713,out_of_fold,True
AS7_R1,R,1,single_UV,36.0,34.50353091615436,-1.4964690838456391,out_of_fold,True
AS7_S0,S,0,single_UV,36.0,17.977204451029408,-18.022795548970592,out_of_fold,True
AS7_T1,T,4,single_UV,36.0,42.04586919546631,6.0458691954663095,out_of_fold,True
AS7_U0,U,3,single_UV,36.0,28.782341548282524,-7.217658451717476,out_of_fold,True
AS7_V1,V,2,single_UV,36.0,41.14275288016049,5.1427528801604865,out_of_fold,True
AS7_W2,W,1,single_UV,36.0,38.32680742003515,2.326807420035152,out_of_fold,True
AS7_X1,X,0,single_UV,36.0,20.031257485490485,-15.968742514509515,out_of_fold,True
AS8_A0,A,3,single_UV,45.0,37.1135744708913,-7.886425529108699,out_of_fold,True
AS8_B0,B,2,single_UV,45.0,35.07647218201583,-9.923527817984173,out_of_fold,True
AS8_C2,C,1,single_UV,45.0,65.12787541182658,20.12787541182658,out_of_fold,True
AS8_D1,D,0,single_UV,45.0,57.558120192836434,12.558120192836434,out_of_fold,True
AS8_E0,E,4,single_UV,45.0,34.11271715501095,-10.887282844989052,out_of_fold,True
AS8_F0,F,3,single_UV,45.0,31.531814642714036,-13.468185357285964,out_of_fold,True
AS8_G1,G,2,single_UV,45.0,28.209645178061734,-16.790354821938266,out_of_fold,True
AS8_H0,H,1,single_UV,45.0,43.39686640598036,-1.6031335940196385,out_of_fold,True
AS8_I0,I,0,single_UV,45.0,38.230274834970984,-6.769725165029016,out_of_fold,True
AS8_J2,J,4,single_UV,45.0,38.97894191073674,-6.0210580892632635,out_of_fold,True
AS8_K0,K,3,single_UV,45.0,34.099609389233905,-10.900390610766095,out_of_fold,True
AS8_L0,L,2,single_UV,45.0,28.10149276696555,-16.89850723303445,out_of_fold,True
AS8_M1,M,1,single_UV,45.0,68.65033476716337,23.650334767163372,out_of_fold,True
AS8_N0,N,0,single_UV,45.0,14.71474822652753,-30.28525177347247,out_of_fold,True
AS8_O2,O,4,single_UV,45.0,31.37695450278637,-13.623045497213631,out_of_fold,True
AS8_P0,P,3,single_UV,45.0,33.16819093980488,-11.83180906019512,out_of_fold,True
AS8_Q1,Q,2,single_UV,45.0,17.708017214809207,-27.291982785190793,out_of_fold,True
AS8_R2,R,1,single_UV,45.0,40.16669555829614,-4.833304441703859,out_of_fold,True
AS8_S2,S,0,single_UV,45.0,26.426882686258505,-18.573117313741495,out_of_fold,True
AS8_T2,T,4,single_UV,45.0,49.2037269789887,4.203726978988698,out_of_fold,True
AS8_U0,U,3,single_UV,45.0,26.76114608801147,-18.23885391198853,out_of_fold,True
AS8_V2,V,2,single_UV,45.0,47.07604766064872,2.076047660648719,out_of_fold,True
AS8_W0,W,1,single_UV,45.0,48.730798768243616,3.7307987682436163,out_of_fold,True
AS8_X2,X,0,single_UV,45.0,18.340801072189326,-26.659198927810674,out_of_fold,True
AS9_A0,A,3,single_UV,53.0,39.95924417693451,-13.040755823065489,out_of_fold,True
AS9_B0,B,2,single_UV,53.0,41.39712981057109,-11.602870189428913,out_of_fold,True
AS9_C0,C,1,single_UV,53.0,67.08230275068637,14.082302750686367,out_of_fold,True
AS9_D0,D,0,single_UV,53.0,65.67617835295495,12.676178352954949,out_of_fold,True
AS9_E1,E,4,single_UV,53.0,39.63027138601785,-13.369728613982147,out_of_fold,True
AS9_F1,F,3,single_UV,53.0,33.61997692980211,-19.380023070197893,out_of_fold,True
AS9_G2,G,2,single_UV,53.0,42.486790058445195,-10.513209941554805,out_of_fold,True
AS9_H0,H,1,single_UV,53.0,55.35356463062835,2.353564630628348,out_of_fold,True
AS9_I1,I,0,single_UV,53.0,40.96187428397597,-12.038125716024027,out_of_fold,True
AS9_J1,J,4,single_UV,53.0,44.330765770498026,-8.669234229501974,out_of_fold,True
AS9_K1,K,3,single_UV,53.0,36.961573382373864,-16.038426617626136,out_of_fold,True
AS9_L1,L,2,single_UV,53.0,33.22516556471611,-19.774834435283893,out_of_fold,True
AS9_M0,M,1,single_UV,53.0,87.16934288532616,34.16934288532616,out_of_fold,True
AS9_N0,N,0,single_UV,53.0,22.122886178932433,-30.877113821067567,out_of_fold,True
AS9_O1,O,4,single_UV,53.0,39.12366303384555,-13.876336966154447,out_of_fold,True
AS9_P0,P,3,single_UV,53.0,42.541747646993066,-10.458252353006934,out_of_fold,True
AS9_Q0,Q,2,single_UV,53.0,19.777455720983514,-33.22254427901649,out_of_fold,True
AS9_R0,R,1,single_UV,53.0,46.68840425299403,-6.311595747005967,out_of_fold,True
AS9_S2,S,0,single_UV,53.0,25.93824093484047,-27.06175906515953,out_of_fold,True
AS9_T2,T,4,single_UV,53.0,51.66714735576105,-1.3328526442389474,out_of_fold,True
AS9_U0,U,3,single_UV,53.0,35.38819497643001,-17.611805023569993,out_of_fold,True
AS9_V2,V,2,single_UV,53.0,53.174374610734986,0.1743746107349864,out_of_fold,True
AS9_W2,W,1,single_UV,53.0,55.070639906556586,2.070639906556586,out_of_fold,True
AS9_X0,X,0,single_UV,53.0,25.197346895822687,-27.802653104177313,out_of_fold,True
AS0_A0,A,3,early_pls,0.0,11.66759014853008,11.66759014853008,out_of_fold,True
AS0_B2,B,2,early_pls,0.0,1.5209405051817875,1.5209405051817875,out_of_fold,True
AS0_C2,C,1,early_pls,0.0,18.13500454801482,18.13500454801482,out_of_fold,True
AS0_D2,D,0,early_pls,0.0,11.769608604406054,11.769608604406054,out_of_fold,True
AS0_E2,E,4,early_pls,0.0,11.435968953385855,11.435968953385855,out_of_fold,True
AS0_F0,F,3,early_pls,0.0,-2.834604522039534,-2.834604522039534,out_of_fold,True
AS0_G1,G,2,early_pls,0.0,9.003459756816447,9.003459756816447,out_of_fold,True
AS0_H2,H,1,early_pls,0.0,2.6466894936673313,2.6466894936673313,out_of_fold,True
AS0_I0,I,0,early_pls,0.0,12.102141039517218,12.102141039517218,out_of_fold,True
AS0_J2,J,4,early_pls,0.0,12.603562117537091,12.603562117537091,out_of_fold,True
AS0_K2,K,3,early_pls,0.0,6.4769197396087375,6.4769197396087375,out_of_fold,True
AS0_L2,L,2,early_pls,0.0,3.6616589830662427,3.6616589830662427,out_of_fold,True
AS0_M0,M,1,early_pls,0.0,14.162243349576775,14.162243349576775,out_of_fold,True
AS0_N0,N,0,early_pls,0.0,7.439007957217818,7.439007957217818,out_of_fold,True
AS0_O0,O,4,early_pls,0.0,0.8980059392912878,0.8980059392912878,out_of_fold,True
AS0_P2,P,3,early_pls,0.0,-2.6331167842927172,-2.6331167842927172,out_of_fold,True
AS0_Q1,Q,2,early_pls,0.0,-2.4050888247235065,-2.4050888247235065,out_of_fold,True
AS0_R2,R,1,early_pls,0.0,2.029382178103262,2.029382178103262,out_of_fold,True
AS0_S0,S,0,early_pls,0.0,4.042053357318103,4.042053357318103,out_of_fold,True
AS0_T1,T,4,early_pls,0.0,16.324557425394804,16.324557425394804,out_of_fold,True
AS0_U0,U,3,early_pls,0.0,1.712805918195091,1.712805918195091,out_of_fold,True
AS0_V1,V,2,early_pls,0.0,21.885552370270922,21.885552370270922,out_of_fold,True
AS0_W2,W,1,early_pls,0.0,12.286250154874143,12.286250154874143,out_of_fold,True
AS0_X0,X,0,early_pls,0.0,-16.86274122318823,-16.86274122318823,out_of_fold,True
AS1_A1,A,3,early_pls,2.0,10.629237109485196,8.629237109485196,out_of_fold,True
AS1_B2,B,2,early_pls,2.0,4.407809964825281,2.4078099648252813,out_of_fold,True
AS1_C2,C,1,early_pls,2.0,21.638603430208413,19.638603430208413,out_of_fold,True
AS1_D0,D,0,early_pls,2.0,10.903000959127041,8.903000959127041,out_of_fold,True
AS1_E1,E,4,early_pls,2.0,13.480144167739901,11.480144167739901,out_of_fold,True
AS1_F2,F,3,early_pls,2.0,-3.271843675278731,-5.271843675278731,out_of_fold,True
AS1_G2,G,2,early_pls,2.0,6.1477902262937825,4.1477902262937825,out_of_fold,True
AS1_H0,H,1,early_pls,2.0,-5.549050088319383,-7.549050088319383,out_of_fold,True
AS1_I0,I,0,early_pls,2.0,10.35308938961711,8.35308938961711,out_of_fold,True
AS1_J1,J,4,early_pls,2.0,14.955203374845098,12.955203374845098,out_of_fold,True
AS1_K0,K,3,early_pls,2.0,4.165670064690762,2.1656700646907616,out_of_fold,True
AS1_L1,L,2,early_pls,2.0,5.664264311273255,3.6642643112732554,out_of_fold,True
AS1_M0,M,1,early_pls,2.0,13.114931848039351,11.114931848039351,out_of_fold,True
AS1_N0,N,0,early_pls,2.0,9.87280951210779,7.872809512107789,out_of_fold,True
AS1_O2,O,4,early_pls,2.0,6.388126289613016,4.388126289613016,out_of_fold,True
AS1_P1,P,3,early_pls,2.0,-0.4415576112289088,-2.441557611228909,out_of_fold,True
AS1_Q0,Q,2,early_pls,2.0,2.296060701018078,0.296060701018078,out_of_fold,True
AS1_R0,R,1,early_pls,2.0,4.012172147875486,2.0121721478754857,out_of_fold,True
AS1_S1,S,0,early_pls,2.0,2.0689218823749727,0.06892188237497265,out_of_fold,True
AS1_T0,T,4,early_pls,2.0,21.988629538704572,19.988629538704572,out_of_fold,True
AS1_U2,U,3,early_pls,2.0,-0.43065498330435403,-2.430654983304354,out_of_fold,True
AS1_V2,V,2,early_pls,2.0,21.393763093340315,19.393763093340315,out_of_fold,True
AS1_W2,W,1,early_pls,2.0,3.747328307293543,1.747328307293543,out_of_fold,True
AS1_X0,X,0,early_pls,2.0,-6.127495198359522,-8.127495198359522,out_of_fold,True
AS2_A2,A,3,early_pls,4.0,12.076066990197395,8.076066990197395,out_of_fold,True
AS2_B0,B,2,early_pls,4.0,8.27814139866456,4.278141398664561,out_of_fold,True
AS2_C1,C,1,early_pls,4.0,25.752175335772503,21.752175335772503,out_of_fold,True
AS2_D2,D,0,early_pls,4.0,16.992592750699952,12.992592750699952,out_of_fold,True
AS2_E0,E,4,early_pls,4.0,12.662378814745734,8.662378814745734,out_of_fold,True
AS2_F2,F,3,early_pls,4.0,-1.7549047098519424,-5.754904709851942,out_of_fold,True
AS2_G0,G,2,early_pls,4.0,11.938037265812651,7.9380372658126515,out_of_fold,True
AS2_H1,H,1,early_pls,4.0,-2.9106475268485212,-6.910647526848521,out_of_fold,True
AS2_I2,I,0,early_pls,4.0,13.164191123041025,9.164191123041025,out_of_fold,True
AS2_J1,J,4,early_pls,4.0,14.154955006174127,10.154955006174127,out_of_fold,True
AS2_K0,K,3,early_pls,4.0,6.08119053347048,2.0811905334704797,out_of_fold,True
AS2_L1,L,2,early_pls,4.0,4.927348149093676,0.9273481490936764,out_of_fold,True
AS2_M0,M,1,early_pls,4.0,14.305593821411279,10.305593821411279,out_of_fold,True
AS2_N2,N,0,early_pls,4.0,10.737922666003819,6.7379226660038185,out_of_fold,True
AS2_O1,O,4,early_pls,4.0,6.4865823729249765,2.4865823729249765,out_of_fold,True
AS2_P0,P,3,early_pls,4.0,1.1953156536520169,-2.804684346347983,out_of_fold,True
AS2_Q1,Q,2,early_pls,4.0,3.364280502282849,-0.635719497717151,out_of_fold,True
AS2_R2,R,1,early_pls,4.0,6.158472981079953,2.158472981079953,out_of_fold,True
AS2_S0,S,0,early_pls,4.0,3.9479134966614247,-0.05208650333857534,out_of_fold,True
AS2_T2,T,4,early_pls,4.0,25.547666818911853,21.547666818911853,out_of_fold,True
AS2_U1,U,3,early_pls,4.0,0.30863907962197956,-3.6913609203780204,out_of_fold,True
AS2_V0,V,2,early_pls,4.0,21.072904709275686,17.072904709275686,out_of_fold,True
AS2_W0,W,1,early_pls,4.0,2.3049702610830707,-1.6950297389169293,out_of_fold,True
AS2_X2,X,0,early_pls,4.0,-8.89927346918602,-12.89927346918602,out_of_fold,True
AS3_A0,A,3,early_pls,7.0,11.163366571113649,4.163366571113649,out_of_fold,True
AS3_B0,B,2,early_pls,7.0,8.235062351015848,1.2350623510158485,out_of_fold,True
AS3_C2,C,1,early_pls,7.0,26.43029355267483,19.43029355267483,out_of_fold,True
AS3_D1,D,0,early_pls,7.0,17.066411563732576,10.066411563732576,out_of_fold,True
AS3_E0,E,4,early_pls,7.0,17.218042081874508,10.218042081874508,out_of_fold,True
AS3_F2,F,3,early_pls,7.0,-1.029363435693888,-8.029363435693888,out_of_fold,True
AS3_G0,G,2,early_pls,7.0,10.593738580443691,3.5937385804436914,out_of_fold,True
AS3_H1,H,1,early_pls,7.0,3.2783855456902593,-3.7216144543097407,out_of_fold,True
AS3_I1,I,0,early_pls,7.0,13.854629965359539,6.854629965359539,out_of_fold,True
AS3_J0,J,4,early_pls,7.0,14.156982152919564,7.156982152919564,out_of_fold,True
AS3_K1,K,3,early_pls,7.0,5.348933986967355,-1.6510660130326453,out_of_fold,True
AS3_L1,L,2,early_pls,7.0,8.47539277095098,1.4753927709509806,out_of_fold,True
AS3_M2,M,1,early_pls,7.0,18.44051072208742,11.44051072208742,out_of_fold,True
AS3_N1,N,0,early_pls,7.0,9.728482317637349,2.728482317637349,out_of_fold,True
AS3_O0,O,4,early_pls,7.0,10.008097631391243,3.0080976313912426,out_of_fold,True
AS3_P2,P,3,early_pls,7.0,4.2371596747048965,-2.7628403252951035,out_of_fold,True
AS3_Q1,Q,2,early_pls,7.0,1.632874185639558,-5.367125814360442,out_of_fold,True
AS3_R1,R,1,early_pls,7.0,7.697923708347414,0.6979237083474139,out_of_fold,True
AS3_S1,S,0,early_pls,7.0,2.6294532180976766,-4.370546781902323,out_of_fold,True
AS3_T1,T,4,early_pls,7.0,27.40326364082133,20.40326364082133,out_of_fold,True
AS3_U1,U,3,early_pls,7.0,0.22388206423407553,-6.7761179357659245,out_of_fold,True
AS3_V2,V,2,early_pls,7.0,26.231894986051916,19.231894986051916,out_of_fold,True
AS3_W1,W,1,early_pls,7.0,8.984666286422405,1.9846662864224047,out_of_fold,True
AS3_X2,X,0,early_pls,7.0,-6.215622218268436,-13.215622218268436,out_of_fold,True
AS4_A1,A,3,early_pls,9.0,12.979213502532057,3.9792135025320565,out_of_fold,True
AS4_B1,B,2,early_pls,9.0,8.147099175603724,-0.8529008243962757,out_of_fold,True
AS4_C1,C,1,early_pls,9.0,36.05980906772273,27.059809067722732,out_of_fold,True
AS4_D1,D,0,early_pls,9.0,21.249588516317644,12.249588516317644,out_of_fold,True
AS4_E2,E,4,early_pls,9.0,17.097405839092694,8.097405839092694,out_of_fold,True
AS4_F2,F,3,early_pls,9.0,1.9632536429549816,-7.036746357045018,out_of_fold,True
AS4_G2,G,2,early_pls,9.0,11.75462372533567,2.7546237253356693,out_of_fold,True
AS4_H1,H,1,early_pls,9.0,2.4393780516716497,-6.56062194832835,out_of_fold,True
AS4_I1,I,0,early_pls,9.0,16.9932674922813,7.993267492281301,out_of_fold,True
AS4_J2,J,4,early_pls,9.0,14.332710739290597,5.332710739290597,out_of_fold,True
AS4_K2,K,3,early_pls,9.0,9.066064862941369,0.06606486294136893,out_of_fold,True
AS4_L1,L,2,early_pls,9.0,10.002296663470965,1.0022966634709647,out_of_fold,True
AS4_M2,M,1,early_pls,9.0,19.1928851604595,10.1928851604595,out_of_fold,True
AS4_N2,N,0,early_pls,9.0,19.74439453899369,10.744394538993689,out_of_fold,True
AS4_O1,O,4,early_pls,9.0,10.14604845335782,1.1460484533578192,out_of_fold,True
AS4_P0,P,3,early_pls,9.0,3.277334982068556,-5.722665017931444,out_of_fold,True
AS4_Q0,Q,2,early_pls,9.0,4.22472747114727,-4.77527252885273,out_of_fold,True
AS4_R2,R,1,early_pls,9.0,9.37082967259069,0.37082967259068944,out_of_fold,True
AS4_S1,S,0,early_pls,9.0,6.25060136715126,-2.74939863284874,out_of_fold,True
AS4_T1,T,4,early_pls,9.0,26.957577104401665,17.957577104401665,out_of_fold,True
AS4_U1,U,3,early_pls,9.0,3.2724989037429033,-5.727501096257097,out_of_fold,True
AS4_V0,V,2,early_pls,9.0,26.797372277921543,17.797372277921543,out_of_fold,True
AS4_W0,W,1,early_pls,9.0,11.994904277205391,2.994904277205391,out_of_fold,True
AS4_X1,X,0,early_pls,9.0,-5.58992562497243,-14.58992562497243,out_of_fold,True
AS5_A1,A,3,early_pls,18.0,17.941021716628402,-0.05897828337159794,out_of_fold,True
AS5_B1,B,2,early_pls,18.0,14.56624309113267,-3.4337569088673305,out_of_fold,True
AS5_C0,C,1,early_pls,18.0,38.65030783424113,20.650307834241133,out_of_fold,True
AS5_D0,D,0,early_pls,18.0,27.047495451690676,9.047495451690676,out_of_fold,True
AS5_E1,E,4,early_pls,18.0,23.388555876564624,5.388555876564624,out_of_fold,True
AS5_F1,F,3,early_pls,18.0,4.968386484884238,-13.031613515115762,out_of_fold,True
AS5_G1,G,2,early_pls,18.0,18.961273118976084,0.9612731189760844,out_of_fold,True
AS5_H1,H,1,early_pls,18.0,9.102769118078356,-8.897230881921644,out_of_fold,True
AS5_I2,I,0,early_pls,18.0,22.77808011122505,4.7780801112250515,out_of_fold,True
AS5_J0,J,4,early_pls,18.0,20.322079722827024,2.3220797228270236,out_of_fold,True
AS5_K2,K,3,early_pls,18.0,13.548872053757187,-4.4511279462428135,out_of_fold,True
AS5_L2,L,2,early_pls,18.0,13.36323994292867,-4.63676005707133,out_of_fold,True
AS5_M1,M,1,early_pls,18.0,34.0291841383988,16.029184138398797,out_of_fold,True
AS5_N2,N,0,early_pls,18.0,24.578240702973247,6.578240702973247,out_of_fold,True
AS5_O2,O,4,early_pls,18.0,15.7251946542617,-2.274805345738301,out_of_fold,True
AS5_P2,P,3,early_pls,18.0,6.781701270689279,-11.218298729310721,out_of_fold,True
AS5_Q0,Q,2,early_pls,18.0,9.697798703621292,-8.302201296378708,out_of_fold,True
AS5_R2,R,1,early_pls,18.0,17.515912127128445,-0.4840878728715552,out_of_fold,True
AS5_S2,S,0,early_pls,18.0,13.547034474169456,-4.452965525830544,out_of_fold,True
AS5_T2,T,4,early_pls,18.0,29.940748131229462,11.940748131229462,out_of_fold,True
AS5_U2,U,3,early_pls,18.0,7.327059161188881,-10.672940838811119,out_of_fold,True
AS5_V0,V,2,early_pls,18.0,31.55287310404737,13.552873104047372,out_of_fold,True
AS5_W1,W,1,early_pls,18.0,20.550882721894077,2.5508827218940766,out_of_fold,True
AS5_X2,X,0,early_pls,18.0,-0.7921732699602799,-18.79217326996028,out_of_fold,True
AS6_A0,A,3,early_pls,27.0,23.390273447789678,-3.609726552210322,out_of_fold,True
AS6_B1,B,2,early_pls,27.0,16.761117885895352,-10.238882114104648,out_of_fold,True
AS6_C2,C,1,early_pls,27.0,55.764340233697446,28.764340233697446,out_of_fold,True
AS6_D0,D,0,early_pls,27.0,43.04783257270344,16.04783257270344,out_of_fold,True
AS6_E1,E,4,early_pls,27.0,28.010338251270955,1.0103382512709551,out_of_fold,True
AS6_F1,F,3,early_pls,27.0,14.667800705128649,-12.332199294871351,out_of_fold,True
AS6_G2,G,2,early_pls,27.0,25.312213731944908,-1.687786268055092,out_of_fold,True
AS6_H0,H,1,early_pls,27.0,13.583252645565874,-13.416747354434126,out_of_fold,True
AS6_I1,I,0,early_pls,27.0,35.93883783129039,8.938837831290392,out_of_fold,True
AS6_J0,J,4,early_pls,27.0,25.234418814072736,-1.7655811859272639,out_of_fold,True
AS6_K2,K,3,early_pls,27.0,16.876135184348147,-10.123864815651853,out_of_fold,True
AS6_L0,L,2,early_pls,27.0,17.710344179858772,-9.289655820141228,out_of_fold,True
AS6_M1,M,1,early_pls,27.0,40.519234718657685,13.519234718657685,out_of_fold,True
AS6_N1,N,0,early_pls,27.0,30.51774368952315,3.517743689523151,out_of_fold,True
AS6_O0,O,4,early_pls,27.0,23.223022963642563,-3.7769770363574366,out_of_fold,True
AS6_P1,P,3,early_pls,27.0,14.302403444321493,-12.697596555678507,out_of_fold,True
AS6_Q1,Q,2,early_pls,27.0,15.008597956494057,-11.991402043505943,out_of_fold,True
AS6_R1,R,1,early_pls,27.0,22.631588182966887,-4.368411817033113,out_of_fold,True
AS6_S0,S,0,early_pls,27.0,15.812261404498033,-11.187738595501967,out_of_fold,True
AS6_T2,T,4,early_pls,27.0,29.494884014197375,2.4948840141973747,out_of_fold,True
AS6_U1,U,3,early_pls,27.0,12.32566345796612,-14.67433654203388,out_of_fold,True
AS6_V2,V,2,early_pls,27.0,33.19442336150551,6.194423361505507,out_of_fold,True
AS6_W2,W,1,early_pls,27.0,26.14078319794736,-0.8592168020526394,out_of_fold,True
AS6_X2,X,0,early_pls,27.0,-1.5763522559682173,-28.576352255968217,out_of_fold,True
AS7_A0,A,3,early_pls,36.0,31.364360516017776,-4.635639483982224,out_of_fold,True
AS7_B2,B,2,early_pls,36.0,29.87246194096273,-6.127538059037271,out_of_fold,True
AS7_C0,C,1,early_pls,36.0,59.410525239079355,23.410525239079355,out_of_fold,True
AS7_D0,D,0,early_pls,36.0,45.97756942705801,9.977569427058008,out_of_fold,True
AS7_E0,E,4,early_pls,36.0,35.125853191116214,-0.8741468088837863,out_of_fold,True
AS7_F2,F,3,early_pls,36.0,14.459749538364996,-21.540250461635004,out_of_fold,True
AS7_G2,G,2,early_pls,36.0,29.749520383863604,-6.250479616136396,out_of_fold,True
AS7_H0,H,1,early_pls,36.0,26.436036485265888,-9.563963514734112,out_of_fold,True
AS7_I2,I,0,early_pls,36.0,40.42670837544003,4.426708375440029,out_of_fold,True
AS7_J2,J,4,early_pls,36.0,29.615983174235698,-6.384016825764302,out_of_fold,True
AS7_K0,K,3,early_pls,36.0,22.735453479035453,-13.264546520964547,out_of_fold,True
AS7_L1,L,2,early_pls,36.0,21.111733570431703,-14.888266429568297,out_of_fold,True
AS7_M2,M,1,early_pls,36.0,48.63858504588193,12.638585045881932,out_of_fold,True
AS7_N1,N,0,early_pls,36.0,32.251549260984234,-3.748450739015766,out_of_fold,True
AS7_O2,O,4,early_pls,36.0,28.15329994030641,-7.846700059693589,out_of_fold,True
AS7_P2,P,3,early_pls,36.0,19.505406008665396,-16.494593991334604,out_of_fold,True
AS7_Q1,Q,2,early_pls,36.0,21.522220906992334,-14.477779093007666,out_of_fold,True
AS7_R1,R,1,early_pls,36.0,29.852410934040684,-6.147589065959316,out_of_fold,True
AS7_S0,S,0,early_pls,36.0,28.358427343325307,-7.641572656674693,out_of_fold,True
AS7_T1,T,4,early_pls,36.0,36.45753359712931,0.45753359712931285,out_of_fold,True
AS7_U0,U,3,early_pls,36.0,19.525400220176408,-16.474599779823592,out_of_fold,True
AS7_V1,V,2,early_pls,36.0,39.969432745494856,3.9694327454948564,out_of_fold,True
AS7_W2,W,1,early_pls,36.0,37.817167891854034,1.8171678918540337,out_of_fold,True
AS7_X1,X,0,early_pls,36.0,9.895620176204602,-26.104379823795398,out_of_fold,True
AS8_A0,A,3,early_pls,45.0,28.010394274182286,-16.989605725817714,out_of_fold,True
AS8_B0,B,2,early_pls,45.0,29.28419760056308,-15.715802399436921,out_of_fold,True
AS8_C2,C,1,early_pls,45.0,60.34108254221971,15.34108254221971,out_of_fold,True
AS8_D1,D,0,early_pls,45.0,48.509631608912585,3.509631608912585,out_of_fold,True
AS8_E0,E,4,early_pls,45.0,35.72171256908682,-9.278287430913181,out_of_fold,True
AS8_F0,F,3,early_pls,45.0,17.627639871971915,-27.372360128028085,out_of_fold,True
AS8_G1,G,2,early_pls,45.0,33.07103066116643,-11.928969338833568,out_of_fold,True
AS8_H0,H,1,early_pls,45.0,27.165454750558975,-17.834545249441025,out_of_fold,True
AS8_I0,I,0,early_pls,45.0,47.51767331605545,2.5176733160554505,out_of_fold,True
AS8_J2,J,4,early_pls,45.0,29.37783590830741,-15.62216409169259,out_of_fold,True
AS8_K0,K,3,early_pls,45.0,27.430390495911794,-17.569609504088206,out_of_fold,True
AS8_L0,L,2,early_pls,45.0,21.71989393193545,-23.28010606806455,out_of_fold,True
AS8_M1,M,1,early_pls,45.0,53.001582272284104,8.001582272284104,out_of_fold,True
AS8_N0,N,0,early_pls,45.0,34.88411689063943,-10.115883109360567,out_of_fold,True
AS8_O2,O,4,early_pls,45.0,32.88901967090974,-12.11098032909026,out_of_fold,True
AS8_P0,P,3,early_pls,45.0,19.408119824377476,-25.591880175622524,out_of_fold,True
AS8_Q1,Q,2,early_pls,45.0,27.68185976923811,-17.31814023076189,out_of_fold,True
AS8_R2,R,1,early_pls,45.0,35.154862002555646,-9.845137997444354,out_of_fold,True
AS8_S2,S,0,early_pls,45.0,32.11006750723766,-12.889932492762341,out_of_fold,True
AS8_T2,T,4,early_pls,45.0,46.62373396392083,1.6237339639208273,out_of_fold,True
AS8_U0,U,3,early_pls,45.0,17.252636947242298,-27.747363052757702,out_of_fold,True
AS8_V2,V,2,early_pls,45.0,39.38438990119897,-5.615610098801028,out_of_fold,True
AS8_W0,W,1,early_pls,45.0,39.25170369883983,-5.748296301160167,out_of_fold,True
AS8_X2,X,0,early_pls,45.0,10.66019231782642,-34.33980768217358,out_of_fold,True
AS9_A0,A,3,early_pls,53.0,30.51688397060166,-22.48311602939834,out_of_fold,True
AS9_B0,B,2,early_pls,53.0,29.2289115902106,-23.7710884097894,out_of_fold,True
AS9_C0,C,1,early_pls,53.0,64.58230110785613,11.582301107856125,out_of_fold,True
AS9_D0,D,0,early_pls,53.0,54.09395577666642,1.0939557766664194,out_of_fold,True
AS9_E1,E,4,early_pls,53.0,36.85299423989949,-16.147005760100512,out_of_fold,True
AS9_F1,F,3,early_pls,53.0,18.93783450530249,-34.06216549469751,out_of_fold,True
AS9_G2,G,2,early_pls,53.0,37.52532875784412,-15.474671242155878,out_of_fold,True
AS9_H0,H,1,early_pls,53.0,39.25219699577866,-13.747803004221339,out_of_fold,True
AS9_I1,I,0,early_pls,53.0,51.374551391413675,-1.625448608586325,out_of_fold,True
AS9_J1,J,4,early_pls,53.0,31.481393014129097,-21.518606985870903,out_of_fold,True
AS9_K1,K,3,early_pls,53.0,26.57439715250785,-26.42560284749215,out_of_fold,True
AS9_L1,L,2,early_pls,53.0,23.46760836763827,-29.53239163236173,out_of_fold,True
AS9_M0,M,1,early_pls,53.0,64.52231930052199,11.522319300521985,out_of_fold,True
AS9_N0,N,0,early_pls,53.0,44.68134112555075,-8.318658874449248,out_of_fold,True
AS9_O1,O,4,early_pls,53.0,40.9759929866597,-12.024007013340302,out_of_fold,True
AS9_P0,P,3,early_pls,53.0,22.677341563860455,-30.322658436139545,out_of_fold,True
AS9_Q0,Q,2,early_pls,53.0,27.8370635714884,-25.1629364285116,out_of_fold,True
AS9_R0,R,1,early_pls,53.0,41.875685331110176,-11.124314668889824,out_of_fold,True
AS9_S2,S,0,early_pls,53.0,28.222638452274406,-24.777361547725594,out_of_fold,True
AS9_T2,T,4,early_pls,53.0,42.14800961892585,-10.851990381074152,out_of_fold,True
AS9_U0,U,3,early_pls,53.0,25.400664573548827,-27.599335426451173,out_of_fold,True
AS9_V2,V,2,early_pls,53.0,45.787932815505926,-7.2120671844940745,out_of_fold,True
AS9_W2,W,1,early_pls,53.0,41.63751715310573,-11.362482846894267,out_of_fold,True
AS9_X0,X,0,early_pls,53.0,14.798210435617008,-38.20178956438299,out_of_fold,True
AS0_A0,A,3,late_equal,0.0,12.654355919596702,12.654355919596702,out_of_fold,True
AS0_B2,B,2,late_equal,0.0,-3.8473137507395823,-3.8473137507395823,out_of_fold,True
AS0_C2,C,1,late_equal,0.0,7.797153043915267,7.797153043915267,out_of_fold,True
AS0_D2,D,0,late_equal,0.0,8.587390101237023,8.587390101237023,out_of_fold,True
AS0_E2,E,4,late_equal,0.0,4.779021155854899,4.779021155854899,out_of_fold,True
AS0_F0,F,3,late_equal,0.0,5.431427457621162,5.431427457621162,out_of_fold,True
AS0_G1,G,2,late_equal,0.0,6.8603286848110345,6.8603286848110345,out_of_fold,True
AS0_H2,H,1,late_equal,0.0,6.248681922561336,6.248681922561336,out_of_fold,True
AS0_I0,I,0,late_equal,0.0,8.232713353572667,8.232713353572667,out_of_fold,True
AS0_J2,J,4,late_equal,0.0,3.370707507066058,3.370707507066058,out_of_fold,True
AS0_K2,K,3,late_equal,0.0,11.76880511599533,11.76880511599533,out_of_fold,True
AS0_L2,L,2,late_equal,0.0,-1.8159070676510138,-1.8159070676510138,out_of_fold,True
AS0_M0,M,1,late_equal,0.0,8.848543920276548,8.848543920276548,out_of_fold,True
AS0_N0,N,0,late_equal,0.0,8.35194927516331,8.35194927516331,out_of_fold,True
AS0_O0,O,4,late_equal,0.0,-1.0231248972343199,-1.0231248972343199,out_of_fold,True
AS0_P2,P,3,late_equal,0.0,0.7727839098418015,0.7727839098418015,out_of_fold,True
AS0_Q1,Q,2,late_equal,0.0,-14.57573874479129,-14.57573874479129,out_of_fold,True
AS0_R2,R,1,late_equal,0.0,4.822963940520355,4.822963940520355,out_of_fold,True
AS0_S0,S,0,late_equal,0.0,1.3530519209109455,1.3530519209109455,out_of_fold,True
AS0_T1,T,4,late_equal,0.0,1.4148708950003934,1.4148708950003934,out_of_fold,True
AS0_U0,U,3,late_equal,0.0,-1.3383350881748974,-1.3383350881748974,out_of_fold,True
AS0_V1,V,2,late_equal,0.0,9.813823988526508,9.813823988526508,out_of_fold,True
AS0_W2,W,1,late_equal,0.0,6.816928123628418,6.816928123628418,out_of_fold,True
AS0_X0,X,0,late_equal,0.0,3.9565387132560312,3.9565387132560312,out_of_fold,True
AS1_A1,A,3,late_equal,2.0,7.855810070663757,5.855810070663757,out_of_fold,True
AS1_B2,B,2,late_equal,2.0,-0.3497148955523812,-2.349714895552381,out_of_fold,True
AS1_C2,C,1,late_equal,2.0,11.173110173534072,9.173110173534072,out_of_fold,True
AS1_D0,D,0,late_equal,2.0,10.084777964917564,8.084777964917564,out_of_fold,True
AS1_E1,E,4,late_equal,2.0,6.97237636929163,4.97237636929163,out_of_fold,True
AS1_F2,F,3,late_equal,2.0,5.971704461047345,3.971704461047345,out_of_fold,True
AS1_G2,G,2,late_equal,2.0,3.131264947754942,1.131264947754942,out_of_fold,True
AS1_H0,H,1,late_equal,2.0,6.738082960413128,4.738082960413128,out_of_fold,True
AS1_I0,I,0,late_equal,2.0,4.271294041373042,2.271294041373042,out_of_fold,True
AS1_J1,J,4,late_equal,2.0,7.282129421692369,5.282129421692369,out_of_fold,True
AS1_K0,K,3,late_equal,2.0,8.294310924513194,6.294310924513194,out_of_fold,True
AS1_L1,L,2,late_equal,2.0,1.6048576930226286,-0.3951423069773714,out_of_fold,True
AS1_M0,M,1,late_equal,2.0,11.15785179465352,9.15785179465352,out_of_fold,True
AS1_N0,N,0,late_equal,2.0,10.552444178998545,8.552444178998545,out_of_fold,True
AS1_O2,O,4,late_equal,2.0,3.732442871799595,1.732442871799595,out_of_fold,True
AS1_P1,P,3,late_equal,2.0,2.858815709387235,0.8588157093872351,out_of_fold,True
AS1_Q0,Q,2,late_equal,2.0,-11.790858482243705,-13.790858482243705,out_of_fold,True
AS1_R0,R,1,late_equal,2.0,5.8641409181911985,3.8641409181911985,out_of_fold,True
AS1_S1,S,0,late_equal,2.0,-1.6749811217890649,-3.674981121789065,out_of_fold,True
AS1_T0,T,4,late_equal,2.0,12.578204963830007,10.578204963830007,out_of_fold,True
AS1_U2,U,3,late_equal,2.0,1.7736023457838783,-0.22639765421612168,out_of_fold,True
AS1_V2,V,2,late_equal,2.0,7.410215629447206,5.410215629447206,out_of_fold,True
AS1_W2,W,1,late_equal,2.0,8.712034256501077,6.712034256501077,out_of_fold,True
AS1_X0,X,0,late_equal,2.0,7.5394774285237816,5.5394774285237816,out_of_fold,True
AS2_A2,A,3,late_equal,4.0,9.621774117927947,5.621774117927947,out_of_fold,True
AS2_B0,B,2,late_equal,4.0,3.262351670762799,-0.7376483292372011,out_of_fold,True
AS2_C1,C,1,late_equal,4.0,15.515464601485435,11.515464601485435,out_of_fold,True
AS2_D2,D,0,late_equal,4.0,13.750937624125005,9.750937624125005,out_of_fold,True
AS2_E0,E,4,late_equal,4.0,8.611936749368136,4.611936749368136,out_of_fold,True
AS2_F2,F,3,late_equal,4.0,9.151796614115808,5.151796614115808,out_of_fold,True
AS2_G0,G,2,late_equal,4.0,5.137282048898233,1.137282048898233,out_of_fold,True
AS2_H1,H,1,late_equal,4.0,8.235110655757985,4.235110655757985,out_of_fold,True
AS2_I2,I,0,late_equal,4.0,9.731419000526419,5.731419000526419,out_of_fold,True
AS2_J1,J,4,late_equal,4.0,9.521272319491093,5.521272319491093,out_of_fold,True
AS2_K0,K,3,late_equal,4.0,13.17183985920048,9.17183985920048,out_of_fold,True
AS2_L1,L,2,late_equal,4.0,2.695447946238964,-1.3045520537610358,out_of_fold,True
AS2_M0,M,1,late_equal,4.0,11.377741651538148,7.377741651538148,out_of_fold,True
AS2_N2,N,0,late_equal,4.0,11.282225375851597,7.282225375851597,out_of_fold,True
AS2_O1,O,4,late_equal,4.0,2.9328523730969316,-1.0671476269030684,out_of_fold,True
AS2_P0,P,3,late_equal,4.0,7.778943572204447,3.7789435722044473,out_of_fold,True
AS2_Q1,Q,2,late_equal,4.0,-5.920364702435959,-9.92036470243596,out_of_fold,True
AS2_R2,R,1,late_equal,4.0,7.730941649822826,3.7309416498228263,out_of_fold,True
AS2_S0,S,0,late_equal,4.0,1.9268403969960772,-2.0731596030039228,out_of_fold,True
AS2_T2,T,4,late_equal,4.0,18.563483578747196,14.563483578747196,out_of_fold,True
AS2_U1,U,3,late_equal,4.0,4.225360878422662,0.22536087842266195,out_of_fold,True
AS2_V0,V,2,late_equal,4.0,11.00914350993597,7.009143509935971,out_of_fold,True
AS2_W0,W,1,late_equal,4.0,10.008034836393701,6.008034836393701,out_of_fold,True
AS2_X2,X,0,late_equal,4.0,5.589190775893657,1.5891907758936572,out_of_fold,True
AS3_A0,A,3,late_equal,7.0,11.758787709857085,4.758787709857085,out_of_fold,True
AS3_B0,B,2,late_equal,7.0,6.893917570631495,-0.10608242936850498,out_of_fold,True
AS3_C2,C,1,late_equal,7.0,17.63399177057896,10.633991770578959,out_of_fold,True
AS3_D1,D,0,late_equal,7.0,14.818692275096314,7.818692275096314,out_of_fold,True
AS3_E0,E,4,late_equal,7.0,13.543116356100388,6.543116356100388,out_of_fold,True
AS3_F2,F,3,late_equal,7.0,8.161090294312102,1.1610902943121015,out_of_fold,True
AS3_G0,G,2,late_equal,7.0,8.84199063227859,1.8419906322785895,out_of_fold,True
AS3_H1,H,1,late_equal,7.0,14.290332203307777,7.290332203307777,out_of_fold,True
AS3_I1,I,0,late_equal,7.0,10.231336708966836,3.231336708966836,out_of_fold,True
AS3_J0,J,4,late_equal,7.0,12.993018509052302,5.993018509052302,out_of_fold,True
AS3_K1,K,3,late_equal,7.0,14.115626833433808,7.115626833433808,out_of_fold,True
AS3_L1,L,2,late_equal,7.0,8.305941484689061,1.3059414846890611,out_of_fold,True
AS3_M2,M,1,late_equal,7.0,17.01316618406445,10.013166184064449,out_of_fold,True
AS3_N1,N,0,late_equal,7.0,10.778509146242403,3.7785091462424027,out_of_fold,True
AS3_O0,O,4,late_equal,7.0,6.234286552094191,-0.7657134479058092,out_of_fold,True
AS3_P2,P,3,late_equal,7.0,10.296349415934124,3.296349415934124,out_of_fold,True
AS3_Q1,Q,2,late_equal,7.0,-6.795836265887521,-13.795836265887521,out_of_fold,True
AS3_R1,R,1,late_equal,7.0,11.160527935202282,4.160527935202282,out_of_fold,True
AS3_S1,S,0,late_equal,7.0,4.513879998193199,-2.4861200018068006,out_of_fold,True
AS3_T1,T,4,late_equal,7.0,21.845434817610098,14.845434817610098,out_of_fold,True
AS3_U1,U,3,late_equal,7.0,5.504496822008512,-1.4955031779914876,out_of_fold,True
AS3_V2,V,2,late_equal,7.0,13.63346619026174,6.633466190261739,out_of_fold,True
AS3_W1,W,1,late_equal,7.0,13.934259489630188,6.934259489630188,out_of_fold,True
AS3_X2,X,0,late_equal,7.0,8.394982609509166,1.3949826095091655,out_of_fold,True
AS4_A1,A,3,late_equal,9.0,12.967494703699337,3.9674947036993373,out_of_fold,True
AS4_B1,B,2,late_equal,9.0,5.797559390084859,-3.202440609915141,out_of_fold,True
AS4_C1,C,1,late_equal,9.0,21.52488510669272,12.524885106692722,out_of_fold,True
AS4_D1,D,0,late_equal,9.0,19.42898312905413,10.428983129054131,out_of_fold,True
AS4_E2,E,4,late_equal,9.0,13.033524780911474,4.033524780911474,out_of_fold,True
AS4_F2,F,3,late_equal,9.0,12.804513040452317,3.804513040452317,out_of_fold,True
AS4_G2,G,2,late_equal,9.0,9.603715964582971,0.603715964582971,out_of_fold,True
AS4_H1,H,1,late_equal,9.0,13.809307720704698,4.809307720704698,out_of_fold,True
AS4_I1,I,0,late_equal,9.0,12.921520328950395,3.921520328950395,out_of_fold,True
AS4_J2,J,4,late_equal,9.0,13.594668920294428,4.594668920294428,out_of_fold,True
AS4_K2,K,3,late_equal,9.0,17.80834310734106,8.80834310734106,out_of_fold,True
AS4_L1,L,2,late_equal,9.0,9.573193093282795,0.5731930932827947,out_of_fold,True
AS4_M2,M,1,late_equal,9.0,19.96159328285488,10.961593282854881,out_of_fold,True
AS4_N2,N,0,late_equal,9.0,15.738312255715682,6.738312255715682,out_of_fold,True
AS4_O1,O,4,late_equal,9.0,7.746003012765495,-1.2539969872345047,out_of_fold,True
AS4_P0,P,3,late_equal,9.0,10.270462653110403,1.2704626531104033,out_of_fold,True
AS4_Q0,Q,2,late_equal,9.0,-1.02152748462845,-10.02152748462845,out_of_fold,True
AS4_R2,R,1,late_equal,9.0,13.418461306522154,4.418461306522154,out_of_fold,True
AS4_S1,S,0,late_equal,9.0,6.298404393770381,-2.7015956062296187,out_of_fold,True
AS4_T1,T,4,late_equal,9.0,23.766648155334266,14.766648155334266,out_of_fold,True
AS4_U1,U,3,late_equal,9.0,7.366379577011432,-1.6336204229885682,out_of_fold,True
AS4_V0,V,2,late_equal,9.0,18.10268389904215,9.102683899042152,out_of_fold,True
AS4_W0,W,1,late_equal,9.0,16.228864427615253,7.228864427615253,out_of_fold,True
AS4_X1,X,0,late_equal,9.0,9.331539984101974,0.3315399841019744,out_of_fold,True
AS5_A1,A,3,late_equal,18.0,19.731798906862572,1.731798906862572,out_of_fold,True
AS5_B1,B,2,late_equal,18.0,13.20583050363568,-4.79416949636432,out_of_fold,True
AS5_C0,C,1,late_equal,18.0,27.158687393740983,9.158687393740983,out_of_fold,True
AS5_D0,D,0,late_equal,18.0,25.10899759244873,7.1089975924487305,out_of_fold,True
AS5_E1,E,4,late_equal,18.0,19.81731119589236,1.8173111958923585,out_of_fold,True
AS5_F1,F,3,late_equal,18.0,17.83725400165751,-0.1627459983424906,out_of_fold,True
AS5_G1,G,2,late_equal,18.0,16.711623196369516,-1.2883768036304843,out_of_fold,True
AS5_H1,H,1,late_equal,18.0,19.44785542679602,1.4478554267960213,out_of_fold,True
AS5_I2,I,0,late_equal,18.0,19.035596262233085,1.035596262233085,out_of_fold,True
AS5_J0,J,4,late_equal,18.0,18.48859686801673,0.48859686801673163,out_of_fold,True
AS5_K2,K,3,late_equal,18.0,22.82980245048531,4.82980245048531,out_of_fold,True
AS5_L2,L,2,late_equal,18.0,13.053497042352237,-4.946502957647763,out_of_fold,True
AS5_M1,M,1,late_equal,18.0,30.11902598226945,12.119025982269449,out_of_fold,True
AS5_N2,N,0,late_equal,18.0,21.732076302297653,3.732076302297653,out_of_fold,True
AS5_O2,O,4,late_equal,18.0,13.53041747797462,-4.46958252202538,out_of_fold,True
AS5_P2,P,3,late_equal,18.0,17.30401896315818,-0.6959810368418218,out_of_fold,True
AS5_Q0,Q,2,late_equal,18.0,3.9946421303005124,-14.005357869699488,out_of_fold,True
AS5_R2,R,1,late_equal,18.0,20.208567530776183,2.2085675307761825,out_of_fold,True
AS5_S2,S,0,late_equal,18.0,13.013381884711643,-4.986618115288357,out_of_fold,True
AS5_T2,T,4,late_equal,18.0,30.564698862860325,12.564698862860325,out_of_fold,True
AS5_U2,U,3,late_equal,18.0,12.364769540119989,-5.635230459880011,out_of_fold,True
AS5_V0,V,2,late_equal,18.0,25.924909965016585,7.924909965016585,out_of_fold,True
AS5_W1,W,1,late_equal,18.0,22.531871816077647,4.531871816077647,out_of_fold,True
AS5_X2,X,0,late_equal,18.0,14.564286902314084,-3.435713097685916,out_of_fold,True
AS6_A0,A,3,late_equal,27.0,30.54524920489668,3.545249204896681,out_of_fold,True
AS6_B1,B,2,late_equal,27.0,23.18639864084816,-3.813601359151839,out_of_fold,True
AS6_C2,C,1,late_equal,27.0,44.36199763027732,17.361997630277322,out_of_fold,True
AS6_D0,D,0,late_equal,27.0,40.54635682494792,13.546356824947921,out_of_fold,True
AS6_E1,E,4,late_equal,27.0,25.944021544288915,-1.0559784557110845,out_of_fold,True
AS6_F1,F,3,late_equal,27.0,27.745860246893095,0.7458602468930948,out_of_fold,True
AS6_G2,G,2,late_equal,27.0,26.013446646890507,-0.9865533531094925,out_of_fold,True
AS6_H0,H,1,late_equal,27.0,26.7833566744401,-0.2166433255599003,out_of_fold,True
AS6_I1,I,0,late_equal,27.0,33.80842582744043,6.808425827440431,out_of_fold,True
AS6_J0,J,4,late_equal,27.0,26.126541326925427,-0.8734586730745733,out_of_fold,True
AS6_K2,K,3,late_equal,27.0,33.28829798681596,6.288297986815962,out_of_fold,True
AS6_L0,L,2,late_equal,27.0,21.024009965350942,-5.975990034649058,out_of_fold,True
AS6_M1,M,1,late_equal,27.0,39.87891103883941,12.878911038839412,out_of_fold,True
AS6_N1,N,0,late_equal,27.0,28.858773931550857,1.8587739315508571,out_of_fold,True
AS6_O0,O,4,late_equal,27.0,21.52557283881763,-5.474427161182369,out_of_fold,True
AS6_P1,P,3,late_equal,27.0,22.20631802631663,-4.79368197368337,out_of_fold,True
AS6_Q1,Q,2,late_equal,27.0,10.062454402020075,-16.937545597979927,out_of_fold,True
AS6_R1,R,1,late_equal,27.0,25.639693249843205,-1.360306750156795,out_of_fold,True
AS6_S0,S,0,late_equal,27.0,13.875274415393825,-13.124725584606175,out_of_fold,True
AS6_T2,T,4,late_equal,27.0,36.9137253201213,9.913725320121301,out_of_fold,True
AS6_U1,U,3,late_equal,27.0,16.67895009167616,-10.32104990832384,out_of_fold,True
AS6_V2,V,2,late_equal,27.0,33.725657354408526,6.725657354408526,out_of_fold,True
AS6_W2,W,1,late_equal,27.0,30.794814181998976,3.7948141819989765,out_of_fold,True
AS6_X2,X,0,late_equal,27.0,14.330976180447177,-12.669023819552823,out_of_fold,True
AS7_A0,A,3,late_equal,36.0,33.834241496413846,-2.1657585035861544,out_of_fold,True
AS7_B2,B,2,late_equal,36.0,35.752370712675685,-0.24762928732431533,out_of_fold,True
AS7_C0,C,1,late_equal,36.0,47.80238352077478,11.802383520774782,out_of_fold,True
AS7_D0,D,0,late_equal,36.0,42.43048472407631,6.430484724076308,out_of_fold,True
AS7_E0,E,4,late_equal,36.0,37.14540723224583,1.1454072322458302,out_of_fold,True
AS7_F2,F,3,late_equal,36.0,25.686126180199068,-10.313873819800932,out_of_fold,True
AS7_G2,G,2,late_equal,36.0,35.99240704891764,-0.007592951082358468,out_of_fold,True
AS7_H0,H,1,late_equal,36.0,36.59039223301846,0.5903922330184628,out_of_fold,True
AS7_I2,I,0,late_equal,36.0,36.90450717027835,0.9045071702783503,out_of_fold,True
AS7_J2,J,4,late_equal,36.0,32.95436733981752,-3.045632660182477,out_of_fold,True
AS7_K0,K,3,late_equal,36.0,35.92797955959526,-0.0720204404047422,out_of_fold,True
AS7_L1,L,2,late_equal,36.0,26.043490801949055,-9.956509198050945,out_of_fold,True
AS7_M2,M,1,late_equal,36.0,47.53317510152412,11.533175101524122,out_of_fold,True
AS7_N1,N,0,late_equal,36.0,29.433728714130506,-6.566271285869494,out_of_fold,True
AS7_O2,O,4,late_equal,36.0,26.25479882860683,-9.74520117139317,out_of_fold,True
AS7_P2,P,3,late_equal,36.0,31.891061259406936,-4.108938740593064,out_of_fold,True
AS7_Q1,Q,2,late_equal,36.0,14.580315651825913,-21.419684348174087,out_of_fold,True
AS7_R1,R,1,late_equal,36.0,32.64441519810228,-3.35558480189772,out_of_fold,True
AS7_S0,S,0,late_equal,36.0,23.60219371051285,-12.39780628948715,out_of_fold,True
AS7_T1,T,4,late_equal,36.0,44.97686631882055,8.976866318820548,out_of_fold,True
AS7_U0,U,3,late_equal,36.0,24.016171121637,-11.983828878363,out_of_fold,True
AS7_V1,V,2,late_equal,36.0,40.74146110087127,4.74146110087127,out_of_fold,True
AS7_W2,W,1,late_equal,36.0,38.12624134456647,2.1262413445664734,out_of_fold,True
AS7_X1,X,0,late_equal,36.0,23.595646879084697,-12.404353120915303,out_of_fold,True
AS8_A0,A,3,late_equal,45.0,37.174136384207515,-7.8258636157924855,out_of_fold,True
AS8_B0,B,2,late_equal,45.0,33.852759393542726,-11.147240606457274,out_of_fold,True
AS8_C2,C,1,late_equal,45.0,54.44639655141588,9.44639655141588,out_of_fold,True
AS8_D1,D,0,late_equal,45.0,46.436133730559064,1.4361337305590638,out_of_fold,True
AS8_E0,E,4,late_equal,45.0,34.9562787624687,-10.043721237531301,out_of_fold,True
AS8_F0,F,3,late_equal,45.0,31.12639861046163,-13.873601389538369,out_of_fold,True
AS8_G1,G,2,late_equal,45.0,34.95822285090484,-10.04177714909516,out_of_fold,True
AS8_H0,H,1,late_equal,45.0,36.605976535208214,-8.394023464791786,out_of_fold,True
AS8_I0,I,0,late_equal,45.0,41.73380399109366,-3.2661960089063413,out_of_fold,True
AS8_J2,J,4,late_equal,45.0,34.59543499398987,-10.404565006010131,out_of_fold,True
AS8_K0,K,3,late_equal,45.0,39.67890692449694,-5.321093075503057,out_of_fold,True
AS8_L0,L,2,late_equal,45.0,28.097056957974402,-16.902943042025598,out_of_fold,True
AS8_M1,M,1,late_equal,45.0,57.07548005510316,12.075480055103156,out_of_fold,True
AS8_N0,N,0,late_equal,45.0,33.26832429509293,-11.731675704907069,out_of_fold,True
AS8_O2,O,4,late_equal,45.0,32.04744706236016,-12.952552937639837,out_of_fold,True
AS8_P0,P,3,late_equal,45.0,33.6575693317976,-11.342430668202397,out_of_fold,True
AS8_Q1,Q,2,late_equal,45.0,19.667506297371975,-25.332493702628025,out_of_fold,True
AS8_R2,R,1,late_equal,45.0,38.429471770075814,-6.570528229924186,out_of_fold,True
AS8_S2,S,0,late_equal,45.0,28.805128901352845,-16.194871098647155,out_of_fold,True
AS8_T2,T,4,late_equal,45.0,52.56607837524649,7.566078375246491,out_of_fold,True
AS8_U0,U,3,late_equal,45.0,24.397563238285553,-20.602436761714447,out_of_fold,True
AS8_V2,V,2,late_equal,45.0,44.53160344668562,-0.4683965533143777,out_of_fold,True
AS8_W0,W,1,late_equal,45.0,44.20424243406656,-0.7957575659334424,out_of_fold,True
AS8_X2,X,0,late_equal,45.0,25.537528474328475,-19.462471525671525,out_of_fold,True
AS9_A0,A,3,late_equal,53.0,35.94402284350549,-17.055977156494507,out_of_fold,True
AS9_B0,B,2,late_equal,53.0,38.10475439987663,-14.895245600123367,out_of_fold,True
AS9_C0,C,1,late_equal,53.0,55.12686834267865,2.126868342678648,out_of_fold,True
AS9_D0,D,0,late_equal,53.0,51.103090779841466,-1.896909220158534,out_of_fold,True
AS9_E1,E,4,late_equal,53.0,39.064503118567465,-13.935496881432535,out_of_fold,True
AS9_F1,F,3,late_equal,53.0,32.43302669288862,-20.566973307111382,out_of_fold,True
AS9_G2,G,2,late_equal,53.0,44.254392665735324,-8.745607334264676,out_of_fold,True
AS9_H0,H,1,late_equal,53.0,45.09534858279696,-7.904651417203041,out_of_fold,True
AS9_I1,I,0,late_equal,53.0,43.97697315863452,-9.023026841365478,out_of_fold,True
AS9_J1,J,4,late_equal,53.0,36.35664151039914,-16.643358489600857,out_of_fold,True
AS9_K1,K,3,late_equal,53.0,42.4613627742505,-10.538637225749497,out_of_fold,True
AS9_L1,L,2,late_equal,53.0,31.36636107809904,-21.63363892190096,out_of_fold,True
AS9_M0,M,1,late_equal,53.0,66.3044426846457,13.304442684645693,out_of_fold,True
AS9_N0,N,0,late_equal,53.0,39.62688318950663,-13.373116810493372,out_of_fold,True
AS9_O1,O,4,late_equal,53.0,35.78485556685624,-17.215144433143763,out_of_fold,True
AS9_P0,P,3,late_equal,53.0,37.99797330737297,-15.002026692627027,out_of_fold,True
AS9_Q0,Q,2,late_equal,53.0,23.567378706409123,-29.432621293590877,out_of_fold,True
AS9_R0,R,1,late_equal,53.0,43.33049644066497,-9.669503559335027,out_of_fold,True
AS9_S2,S,0,late_equal,53.0,27.204722966668193,-25.795277033331807,out_of_fold,True
AS9_T2,T,4,late_equal,53.0,52.03294361930868,-0.9670563806913179,out_of_fold,True
AS9_U0,U,3,late_equal,53.0,31.649392361450353,-21.350607638549647,out_of_fold,True
AS9_V2,V,2,late_equal,53.0,50.75453053327474,-2.245469466725261,out_of_fold,True
AS9_W2,W,1,late_equal,53.0,45.93547223841101,-7.064527761588991,out_of_fold,True
AS9_X0,X,0,late_equal,53.0,29.271578487921012,-23.728421512078988,out_of_fold,True
AS0_A0,A,3,late_weighted,0.0,12.489609269368444,12.489609269368444,out_of_fold,True
AS0_B2,B,2,late_weighted,0.0,-1.6062274624882817,-1.6062274624882817,out_of_fold,True
AS0_C2,C,1,late_weighted,0.0,8.790712415546649,8.790712415546649,out_of_fold,True
AS0_D2,D,0,late_weighted,0.0,10.803675237248184,10.803675237248184,out_of_fold,True
AS0_E2,E,4,late_weighted,0.0,4.710355423920693,4.710355423920693,out_of_fold,True
AS0_F0,F,3,late_weighted,0.0,5.362638261212162,5.362638261212162,out_of_fold,True
AS0_G1,G,2,late_weighted,0.0,7.154569359894285,7.154569359894285,out_of_fold,True
AS0_H2,H,1,late_weighted,0.0,6.921887236260269,6.921887236260269,out_of_fold,True
AS0_I0,I,0,late_weighted,0.0,8.40620099262273,8.40620099262273,out_of_fold,True
AS0_J2,J,4,late_weighted,0.0,2.971737018905541,2.971737018905541,out_of_fold,True
AS0_K2,K,3,late_weighted,0.0,11.662776339204644,11.662776339204644,out_of_fold,True
AS0_L2,L,2,late_weighted,0.0,3.4158986018105884,3.4158986018105884,out_of_fold,True
AS0_M0,M,1,late_weighted,0.0,8.383882862138114,8.383882862138114,out_of_fold,True
AS0_N0,N,0,late_weighted,0.0,7.816052198171592,7.816052198171592,out_of_fold,True
AS0_O0,O,4,late_weighted,0.0,-1.0474522779509299,-1.0474522779509299,out_of_fold,True
AS0_P2,P,3,late_weighted,0.0,0.6574812431341615,0.6574812431341615,out_of_fold,True
AS0_Q1,Q,2,late_weighted,0.0,-4.483043412106951,-4.483043412106951,out_of_fold,True
AS0_R2,R,1,late_weighted,0.0,4.605278201500472,4.605278201500472,out_of_fold,True
AS0_S0,S,0,late_weighted,0.0,3.4380409973207264,3.4380409973207264,out_of_fold,True
AS0_T1,T,4,late_weighted,0.0,1.7645966066019154,1.7645966066019154,out_of_fold,True
AS0_U0,U,3,late_weighted,0.0,-1.4134680790931933,-1.4134680790931933,out_of_fold,True
AS0_V1,V,2,late_weighted,0.0,16.447609291767545,16.447609291767545,out_of_fold,True
AS0_W2,W,1,late_weighted,0.0,6.993753911804349,6.993753911804349,out_of_fold,True
AS0_X0,X,0,late_weighted,0.0,3.1538243326431443,3.1538243326431443,out_of_fold,True
AS1_A1,A,3,late_weighted,2.0,7.82694070692242,5.82694070692242,out_of_fold,True
AS1_B2,B,2,late_weighted,2.0,0.9031969302349794,-1.0968030697650206,out_of_fold,True
AS1_C2,C,1,late_weighted,2.0,11.658450416695267,9.658450416695267,out_of_fold,True
AS1_D0,D,0,late_weighted,2.0,11.500895792847391,9.500895792847391,out_of_fold,True
AS1_E1,E,4,late_weighted,2.0,6.988240863892115,4.988240863892115,out_of_fold,True
AS1_F2,F,3,late_weighted,2.0,5.913562963135353,3.9135629631353526,out_of_fold,True
AS1_G2,G,2,late_weighted,2.0,2.0586646980317247,0.058664698031724694,out_of_fold,True
AS1_H0,H,1,late_weighted,2.0,6.966931484925809,4.966931484925809,out_of_fold,True
AS1_I0,I,0,late_weighted,2.0,3.617721883462092,1.617721883462092,out_of_fold,True
AS1_J1,J,4,late_weighted,2.0,6.912087372450221,4.912087372450221,out_of_fold,True
AS1_K0,K,3,late_weighted,2.0,8.317271055230197,6.317271055230197,out_of_fold,True
AS1_L1,L,2,late_weighted,2.0,6.484121927590615,4.484121927590615,out_of_fold,True
AS1_M0,M,1,late_weighted,2.0,10.572719932257115,8.572719932257115,out_of_fold,True
AS1_N0,N,0,late_weighted,2.0,8.613662097558668,6.613662097558668,out_of_fold,True
AS1_O2,O,4,late_weighted,2.0,3.61568581398112,1.6156858139811199,out_of_fold,True
AS1_P1,P,3,late_weighted,2.0,2.7532718716165308,0.7532718716165308,out_of_fold,True
AS1_Q0,Q,2,late_weighted,2.0,-6.210833402264785,-8.210833402264786,out_of_fold,True
AS1_R0,R,1,late_weighted,2.0,5.9529736630342205,3.9529736630342205,out_of_fold,True
AS1_S1,S,0,late_weighted,2.0,-1.8028056773502619,-3.802805677350262,out_of_fold,True
AS1_T0,T,4,late_weighted,2.0,12.6420659270177,10.6420659270177,out_of_fold,True
AS1_U2,U,3,late_weighted,2.0,1.7034177103449653,-0.29658228965503475,out_of_fold,True
AS1_V2,V,2,late_weighted,2.0,8.77902920593151,6.77902920593151,out_of_fold,True
AS1_W2,W,1,late_weighted,2.0,8.573389392034974,6.573389392034974,out_of_fold,True
AS1_X0,X,0,late_weighted,2.0,6.010265796075949,4.010265796075949,out_of_fold,True
AS2_A2,A,3,late_weighted,4.0,9.618304014023444,5.618304014023444,out_of_fold,True
AS2_B0,B,2,late_weighted,4.0,3.7640030901188544,-0.23599690988114563,out_of_fold,True
AS2_C1,C,1,late_weighted,4.0,15.756019513538089,11.756019513538089,out_of_fold,True
AS2_D2,D,0,late_weighted,4.0,14.831698951909086,10.831698951909086,out_of_fold,True
AS2_E0,E,4,late_weighted,4.0,8.786993123640329,4.786993123640329,out_of_fold,True
AS2_F2,F,3,late_weighted,4.0,9.136568346621324,5.136568346621324,out_of_fold,True
AS2_G0,G,2,late_weighted,4.0,4.202895645563613,0.20289564556361306,out_of_fold,True
AS2_H1,H,1,late_weighted,4.0,8.203504052874283,4.203504052874283,out_of_fold,True
AS2_I2,I,0,late_weighted,4.0,8.641028813647466,4.641028813647466,out_of_fold,True
AS2_J1,J,4,late_weighted,4.0,9.28499264951918,5.284992649519181,out_of_fold,True
AS2_K0,K,3,late_weighted,4.0,13.246483821334417,9.246483821334417,out_of_fold,True
AS2_L1,L,2,late_weighted,4.0,3.3643064015255386,-0.6356935984744614,out_of_fold,True
AS2_M0,M,1,late_weighted,4.0,10.80478127107277,6.80478127107277,out_of_fold,True
AS2_N2,N,0,late_weighted,4.0,8.916944334905194,4.916944334905194,out_of_fold,True
AS2_O1,O,4,late_weighted,4.0,2.95543021148952,-1.04456978851048,out_of_fold,True
AS2_P0,P,3,late_weighted,4.0,7.746976523467952,3.7469765234679517,out_of_fold,True
AS2_Q1,Q,2,late_weighted,4.0,-0.8368067332583955,-4.8368067332583955,out_of_fold,True
AS2_R2,R,1,late_weighted,4.0,7.360335140207035,3.3603351402070354,out_of_fold,True
AS2_S0,S,0,late_weighted,4.0,1.8118891739474494,-2.188110826052551,out_of_fold,True
AS2_T2,T,4,late_weighted,4.0,18.752442138498093,14.752442138498093,out_of_fold,True
AS2_U1,U,3,late_weighted,4.0,4.191766057677859,0.19176605767785926,out_of_fold,True
AS2_V0,V,2,late_weighted,4.0,11.337833172455944,7.3378331724559445,out_of_fold,True
AS2_W0,W,1,late_weighted,4.0,9.612854154848,5.612854154848,out_of_fold,True
AS2_X2,X,0,late_weighted,4.0,3.7474857343311823,-0.25251426566881774,out_of_fold,True
AS3_A0,A,3,late_weighted,7.0,11.793224162177703,4.793224162177703,out_of_fold,True
AS3_B0,B,2,late_weighted,7.0,6.104270047569204,-0.8957299524307958,out_of_fold,True
AS3_C2,C,1,late_weighted,7.0,17.647069183838365,10.647069183838365,out_of_fold,True
AS3_D1,D,0,late_weighted,7.0,15.739790690995658,8.739790690995658,out_of_fold,True
AS3_E0,E,4,late_weighted,7.0,13.615965846650308,6.615965846650308,out_of_fold,True
AS3_F2,F,3,late_weighted,7.0,8.135308865580473,1.1353088655804733,out_of_fold,True
AS3_G0,G,2,late_weighted,7.0,4.241676337382358,-2.7583236626176424,out_of_fold,True
AS3_H1,H,1,late_weighted,7.0,13.981862915702006,6.981862915702006,out_of_fold,True
AS3_I1,I,0,late_weighted,7.0,9.01588593344507,2.0158859334450696,out_of_fold,True
AS3_J0,J,4,late_weighted,7.0,12.775703174596494,5.775703174596494,out_of_fold,True
AS3_K1,K,3,late_weighted,7.0,14.202125969219225,7.2021259692192245,out_of_fold,True
AS3_L1,L,2,late_weighted,7.0,8.534285119709427,1.534285119709427,out_of_fold,True
AS3_M2,M,1,late_weighted,7.0,16.304470980898863,9.304470980898863,out_of_fold,True
AS3_N1,N,0,late_weighted,7.0,8.263367629001184,1.2633676290011842,out_of_fold,True
AS3_O0,O,4,late_weighted,7.0,6.309066559165817,-0.6909334408341827,out_of_fold,True
AS3_P2,P,3,late_weighted,7.0,10.228700463704335,3.2287004637043353,out_of_fold,True
AS3_Q1,Q,2,late_weighted,7.0,-4.742356836155553,-11.742356836155553,out_of_fold,True
AS3_R1,R,1,late_weighted,7.0,10.565146410594746,3.565146410594746,out_of_fold,True
AS3_S1,S,0,late_weighted,7.0,3.773303933859675,-3.226696066140325,out_of_fold,True
AS3_T1,T,4,late_weighted,7.0,21.987947335838523,14.987947335838523,out_of_fold,True
AS3_U1,U,3,late_weighted,7.0,5.466953802692344,-1.5330461973076561,out_of_fold,True
AS3_V2,V,2,late_weighted,7.0,15.219024255696565,8.219024255696565,out_of_fold,True
AS3_W1,W,1,late_weighted,7.0,13.239695203743178,6.239695203743178,out_of_fold,True
AS3_X2,X,0,late_weighted,7.0,6.748688246631058,-0.25131175336894174,out_of_fold,True
AS4_A1,A,3,late_weighted,9.0,12.966370708331977,3.9663707083319775,out_of_fold,True
AS4_B1,B,2,late_weighted,9.0,6.5527123182463844,-2.4472876817536156,out_of_fold,True
AS4_C1,C,1,late_weighted,9.0,21.44186993412589,12.44186993412589,out_of_fold,True
AS4_D1,D,0,late_weighted,9.0,21.019957446175095,12.019957446175095,out_of_fold,True
AS4_E2,E,4,late_weighted,9.0,13.070148437788493,4.070148437788493,out_of_fold,True
AS4_F2,F,3,late_weighted,9.0,12.789370950329893,3.789370950329893,out_of_fold,True
AS4_G2,G,2,late_weighted,9.0,7.48228114811071,-1.5177188518892901,out_of_fold,True
AS4_H1,H,1,late_weighted,9.0,13.164125566971066,4.164125566971066,out_of_fold,True
AS4_I1,I,0,late_weighted,9.0,11.736896113378606,2.736896113378606,out_of_fold,True
AS4_J2,J,4,late_weighted,9.0,13.376467883345224,4.376467883345224,out_of_fold,True
AS4_K2,K,3,late_weighted,9.0,17.86671845808194,8.866718458081941,out_of_fold,True
AS4_L1,L,2,late_weighted,9.0,9.825280064821236,0.8252800648212357,out_of_fold,True
AS4_M2,M,1,late_weighted,9.0,19.223001568766897,10.223001568766897,out_of_fold,True
AS4_N2,N,0,late_weighted,9.0,12.732575677289622,3.7325756772896224,out_of_fold,True
AS4_O1,O,4,late_weighted,9.0,7.832337663900066,-1.1676623360999336,out_of_fold,True
AS4_P0,P,3,late_weighted,9.0,10.241016493559366,1.241016493559366,out_of_fold,True
AS4_Q0,Q,2,late_weighted,9.0,0.4412587298136068,-8.558741270186394,out_of_fold,True
AS4_R2,R,1,late_weighted,9.0,13.011760051388212,4.011760051388212,out_of_fold,True
AS4_S1,S,0,late_weighted,9.0,5.856680912491439,-3.1433190875085613,out_of_fold,True
AS4_T1,T,4,late_weighted,9.0,23.893793121235806,14.893793121235806,out_of_fold,True
AS4_U1,U,3,late_weighted,9.0,7.327912330093119,-1.6720876699068814,out_of_fold,True
AS4_V0,V,2,late_weighted,9.0,20.428866719724077,11.428866719724077,out_of_fold,True
AS4_W0,W,1,late_weighted,9.0,15.576284014491213,6.576284014491213,out_of_fold,True
AS4_X1,X,0,late_weighted,9.0,7.397202855387984,-1.6027971446120164,out_of_fold,True
AS5_A1,A,3,late_weighted,18.0,19.738144452489728,1.7381444524897276,out_of_fold,True
AS5_B1,B,2,late_weighted,18.0,12.346210571728157,-5.653789428271843,out_of_fold,True
AS5_C0,C,1,late_weighted,18.0,27.874670235848114,9.874670235848114,out_of_fold,True
AS5_D0,D,0,late_weighted,18.0,26.202175955389507,8.202175955389507,out_of_fold,True
AS5_E1,E,4,late_weighted,18.0,20.123709942149816,2.123709942149816,out_of_fold,True
AS5_F1,F,3,late_weighted,18.0,17.85158192849231,-0.1484180715076917,out_of_fold,True
AS5_G1,G,2,late_weighted,18.0,13.310675181947682,-4.689324818052318,out_of_fold,True
AS5_H1,H,1,late_weighted,18.0,19.50966980480288,1.5096698048028792,out_of_fold,True
AS5_I2,I,0,late_weighted,18.0,18.156268747794236,0.15626874779423616,out_of_fold,True
AS5_J0,J,4,late_weighted,18.0,18.26649476214942,0.2664947621494207,out_of_fold,True
AS5_K2,K,3,late_weighted,18.0,22.88058755230734,4.88058755230734,out_of_fold,True
AS5_L2,L,2,late_weighted,18.0,14.029531121680977,-3.970468878319023,out_of_fold,True
AS5_M1,M,1,late_weighted,18.0,29.439853298283673,11.439853298283673,out_of_fold,True
AS5_N2,N,0,late_weighted,18.0,18.486135189745134,0.48613518974513426,out_of_fold,True
AS5_O2,O,4,late_weighted,18.0,13.62016354739753,-4.37983645260247,out_of_fold,True
AS5_P2,P,3,late_weighted,18.0,17.300244389741724,-0.6997556102582756,out_of_fold,True
AS5_Q0,Q,2,late_weighted,18.0,3.4100263082100244,-14.589973691789975,out_of_fold,True
AS5_R2,R,1,late_weighted,18.0,19.307734397751027,1.3077343977510267,out_of_fold,True
AS5_S2,S,0,late_weighted,18.0,12.663175651315658,-5.336824348684342,out_of_fold,True
AS5_T2,T,4,late_weighted,18.0,30.821928828852617,12.821928828852617,out_of_fold,True
AS5_U2,U,3,late_weighted,18.0,12.369840941078929,-5.6301590589210715,out_of_fold,True
AS5_V0,V,2,late_weighted,18.0,23.522596163464026,5.522596163464026,out_of_fold,True
AS5_W1,W,1,late_weighted,18.0,22.046576546378724,4.0465765463787235,out_of_fold,True
AS5_X2,X,0,late_weighted,18.0,12.996580943577758,-5.003419056422242,out_of_fold,True
AS6_A0,A,3,late_weighted,27.0,30.52924256004473,3.529242560044729,out_of_fold,True
AS6_B1,B,2,late_weighted,27.0,21.139619073746957,-5.860380926253043,out_of_fold,True
AS6_C2,C,1,late_weighted,27.0,46.322522949703966,19.322522949703966,out_of_fold,True
AS6_D0,D,0,late_weighted,27.0,42.46189254889153,15.461892548891527,out_of_fold,True
AS6_E1,E,4,late_weighted,27.0,26.175270085197454,-0.8247299148025462,out_of_fold,True
AS6_F1,F,3,late_weighted,27.0,27.710602551735267,0.710602551735267,out_of_fold,True
AS6_G2,G,2,late_weighted,27.0,22.552998662570367,-4.447001337429633,out_of_fold,True
AS6_H0,H,1,late_weighted,27.0,27.14554171198104,0.14554171198103916,out_of_fold,True
AS6_I1,I,0,late_weighted,27.0,33.326290332609275,6.326290332609275,out_of_fold,True
AS6_J0,J,4,late_weighted,27.0,25.972571020428507,-1.0274289795714928,out_of_fold,True
AS6_K2,K,3,late_weighted,27.0,33.402316135271406,6.4023161352714055,out_of_fold,True
AS6_L0,L,2,late_weighted,27.0,22.200429074133694,-4.7995709258663055,out_of_fold,True
AS6_M1,M,1,late_weighted,27.0,40.68500434624905,13.685004346249052,out_of_fold,True
AS6_N1,N,0,late_weighted,27.0,25.592454485015324,-1.407545514984676,out_of_fold,True
AS6_O0,O,4,late_weighted,27.0,21.736228076298154,-5.263771923701846,out_of_fold,True
AS6_P1,P,3,late_weighted,27.0,22.204403209625507,-4.795596790374493,out_of_fold,True
AS6_Q1,Q,2,late_weighted,27.0,9.108684281763102,-17.891315718236896,out_of_fold,True
AS6_R1,R,1,late_weighted,27.0,25.582449630623675,-1.4175503693763254,out_of_fold,True
AS6_S0,S,0,late_weighted,27.0,12.189486596028438,-14.810513403971562,out_of_fold,True
AS6_T2,T,4,late_weighted,27.0,37.17565309608359,10.175653096083593,out_of_fold,True
AS6_U1,U,3,late_weighted,27.0,16.646343718063054,-10.353656281936946,out_of_fold,True
AS6_V2,V,2,late_weighted,27.0,32.26444865920513,5.264448659205129,out_of_fold,True
AS6_W2,W,1,late_weighted,27.0,30.68183325873406,3.681833258734059,out_of_fold,True
AS6_X2,X,0,late_weighted,27.0,13.037623741021385,-13.962376258978615,out_of_fold,True
AS7_A0,A,3,late_weighted,36.0,33.78289521470947,-2.2171047852905303,out_of_fold,True
AS7_B2,B,2,late_weighted,36.0,33.94061293464312,-2.05938706535688,out_of_fold,True
AS7_C0,C,1,late_weighted,36.0,49.87225359779105,13.872253597791051,out_of_fold,True
AS7_D0,D,0,late_weighted,36.0,44.488002318663774,8.488002318663774,out_of_fold,True
AS7_E0,E,4,late_weighted,36.0,37.19550337721209,1.1955033772120913,out_of_fold,True
AS7_F2,F,3,late_weighted,36.0,25.647588123784615,-10.352411876215385,out_of_fold,True
AS7_G2,G,2,late_weighted,36.0,33.746262824234236,-2.253737175765764,out_of_fold,True
AS7_H0,H,1,late_weighted,36.0,37.7109558859652,1.7109558859651983,out_of_fold,True
AS7_I2,I,0,late_weighted,36.0,36.484576842764,0.4845768427639996,out_of_fold,True
AS7_J2,J,4,late_weighted,36.0,32.70701682546223,-3.292983174537767,out_of_fold,True
AS7_K0,K,3,late_weighted,36.0,35.97585888451789,-0.0241411154821094,out_of_fold,True
AS7_L1,L,2,late_weighted,36.0,27.67596061758139,-8.324039382418611,out_of_fold,True
AS7_M2,M,1,late_weighted,36.0,49.38314400019561,13.383144000195607,out_of_fold,True
AS7_N1,N,0,late_weighted,36.0,26.590194304784994,-9.409805695215006,out_of_fold,True
AS7_O2,O,4,late_weighted,36.0,26.106503180836008,-9.893496819163992,out_of_fold,True
AS7_P2,P,3,late_weighted,36.0,31.90389696261964,-4.0961030373803595,out_of_fold,True
AS7_Q1,Q,2,late_weighted,36.0,14.232872778978093,-21.76712722102191,out_of_fold,True
AS7_R1,R,1,late_weighted,36.0,33.079412769453434,-2.920587230546566,out_of_fold,True
AS7_S0,S,0,late_weighted,36.0,22.551578153553564,-13.448421846446436,out_of_fold,True
AS7_T1,T,4,late_weighted,36.0,45.128771800701784,9.128771800701784,out_of_fold,True
AS7_U0,U,3,late_weighted,36.0,23.94901114241577,-12.05098885758423,out_of_fold,True
AS7_V1,V,2,late_weighted,36.0,40.977772317450224,4.977772317450224,out_of_fold,True
AS7_W2,W,1,late_weighted,36.0,38.173169975677034,2.173169975677034,out_of_fold,True
AS7_X1,X,0,late_weighted,36.0,22.929902861590403,-13.070097138409597,out_of_fold,True
AS8_A0,A,3,late_weighted,45.0,37.17498976049829,-7.825010239501708,out_of_fold,True
AS8_B0,B,2,late_weighted,45.0,34.57337484771302,-10.42662515228698,out_of_fold,True
AS8_C2,C,1,late_weighted,45.0,56.94565860250849,11.945658602508487,out_of_fold,True
AS8_D1,D,0,late_weighted,45.0,48.51345894177772,3.5134589417777207,out_of_fold,True
AS8_E0,E,4,late_weighted,45.0,34.99999822962762,-10.000001770372378,out_of_fold,True
AS8_F0,F,3,late_weighted,45.0,31.120685904061162,-13.879314095938838,out_of_fold,True
AS8_G1,G,2,late_weighted,45.0,30.984145428058454,-14.015854571941546,out_of_fold,True
AS8_H0,H,1,late_weighted,45.0,38.19491506787479,-6.805084932125212,out_of_fold,True
AS8_I0,I,0,late_weighted,45.0,41.079427233044356,-3.920572766955644,out_of_fold,True
AS8_J2,J,4,late_weighted,45.0,34.368249943137236,-10.631750056862764,out_of_fold,True
AS8_K0,K,3,late_weighted,45.0,39.75752465592394,-5.2424753440760625,out_of_fold,True
AS8_L0,L,2,late_weighted,45.0,28.099669100742606,-16.900330899257394,out_of_fold,True
AS8_M1,M,1,late_weighted,45.0,59.78377499317415,14.783774993174148,out_of_fold,True
AS8_N0,N,0,late_weighted,45.0,29.80295311736159,-15.19704688263841,out_of_fold,True
AS8_O2,O,4,late_weighted,45.0,32.08219683899703,-12.917803161002972,out_of_fold,True
AS8_P0,P,3,late_weighted,45.0,33.664465149549684,-11.335534850450316,out_of_fold,True
AS8_Q1,Q,2,late_weighted,45.0,18.51360962449779,-26.48639037550221,out_of_fold,True
AS8_R2,R,1,late_weighted,45.0,38.83594895782241,-6.16405104217759,out_of_fold,True
AS8_S2,S,0,late_weighted,45.0,28.36092850263295,-16.63907149736705,out_of_fold,True
AS8_T2,T,4,late_weighted,45.0,52.740339757160804,7.740339757160804,out_of_fold,True
AS8_U0,U,3,late_weighted,45.0,24.36425805595556,-20.63574194404444,out_of_fold,True
AS8_V2,V,2,late_weighted,45.0,46.02996633062986,1.0299663306298612,out_of_fold,True
AS8_W0,W,1,late_weighted,45.0,45.26337016497203,0.2633701649720308,out_of_fold,True
AS8_X2,X,0,late_weighted,45.0,24.193349237873022,-20.806650762126978,out_of_fold,True
AS9_A0,A,3,late_weighted,53.0,35.88744446774827,-17.112555532251733,out_of_fold,True
AS9_B0,B,2,late_weighted,53.0,40.043556236569906,-12.956443763430094,out_of_fold,True
AS9_C0,C,1,late_weighted,53.0,57.92421166102808,4.924211661028082,out_of_fold,True
AS9_D0,D,0,late_weighted,53.0,53.82500042463411,0.825000424634112,out_of_fold,True
AS9_E1,E,4,late_weighted,53.0,39.03518091261395,-13.964819087386047,out_of_fold,True
AS9_F1,F,3,late_weighted,53.0,32.41630140904185,-20.58369859095815,out_of_fold,True
AS9_G2,G,2,late_weighted,53.0,43.213493389660655,-9.786506610339345,out_of_fold,True
AS9_H0,H,1,late_weighted,53.0,47.495575219510854,-5.5044247804891455,out_of_fold,True
AS9_I1,I,0,late_weighted,53.0,43.41382367738954,-9.586176322610463,out_of_fold,True
AS9_J1,J,4,late_weighted,53.0,35.943364684345845,-17.056635315654155,out_of_fold,True
AS9_K1,K,3,late_weighted,53.0,42.53886015856865,-10.461139841431347,out_of_fold,True
AS9_L1,L,2,late_weighted,53.0,32.46096697905452,-20.53903302094548,out_of_fold,True
AS9_M0,M,1,late_weighted,53.0,71.18643083936365,18.186430839363652,out_of_fold,True
AS9_N0,N,0,late_weighted,53.0,36.357548668152035,-16.642451331847965,out_of_fold,True
AS9_O1,O,4,late_weighted,53.0,35.61181440173859,-17.38818559826141,out_of_fold,True
AS9_P0,P,3,late_weighted,53.0,37.933947105429205,-15.066052894570795,out_of_fold,True
AS9_Q0,Q,2,late_weighted,53.0,21.335582896854298,-31.664417103145702,out_of_fold,True
AS9_R0,R,1,late_weighted,53.0,44.11618273711276,-8.883817262887241,out_of_fold,True
AS9_S2,S,0,late_weighted,53.0,26.968173941618176,-26.031826058381824,out_of_fold,True
AS9_T2,T,4,late_weighted,53.0,52.05190182886878,-0.9480981711312211,out_of_fold,True
AS9_U0,U,3,late_weighted,53.0,31.5967089944162,-21.4032910055838,out_of_fold,True
AS9_V2,V,2,late_weighted,53.0,52.17951935036157,-0.8204806496384265,out_of_fold,True
AS9_W2,W,1,late_weighted,53.0,48.07292700303024,-4.927072996969763,out_of_fold,True
AS9_X0,X,0,late_weighted,53.0,28.51060795164899,-24.48939204835101,out_of_fold,True
AS0_A0,A,3,late_inverse_rmse,0.0,12.611995688491778,12.611995688491778,out_of_fold,True
AS0_B2,B,2,late_inverse_rmse,0.0,-3.0979849603932244,-3.0979849603932244,out_of_fold,True
AS0_C2,C,1,late_inverse_rmse,0.0,8.111405763015492,8.111405763015492,out_of_fold,True
AS0_D2,D,0,late_inverse_rmse,0.0,9.064790014166663,9.064790014166663,out_of_fold,True
AS0_E2,E,4,late_inverse_rmse,0.0,4.759952819991218,4.759952819991218,out_of_fold,True
AS0_F0,F,3,late_inverse_rmse,0.0,5.4137401404382635,5.4137401404382635,out_of_fold,True
AS0_G1,G,2,late_inverse_rmse,0.0,6.958710889140556,6.958710889140556,out_of_fold,True
AS0_H2,H,1,late_inverse_rmse,0.0,6.461609912959377,6.461609912959377,out_of_fold,True
AS0_I0,I,0,late_inverse_rmse,0.0,8.270083537774656,8.270083537774656,out_of_fold,True
AS0_J2,J,4,late_inverse_rmse,0.0,3.259914203715985,3.259914203715985,out_of_fold,True
AS0_K2,K,3,late_inverse_rmse,0.0,11.741542628518935,11.741542628518935,out_of_fold,True
AS0_L2,L,2,late_inverse_rmse,0.0,-0.0666024406150383,-0.0666024406150383,out_of_fold,True
AS0_M0,M,1,late_inverse_rmse,0.0,8.701576355831728,8.701576355831728,out_of_fold,True
AS0_N0,N,0,late_inverse_rmse,0.0,8.236514120300725,8.236514120300725,out_of_fold,True
AS0_O0,O,4,late_inverse_rmse,0.0,-1.0298805620051028,-1.0298805620051028,out_of_fold,True
AS0_P2,P,3,late_inverse_rmse,0.0,0.7431368875686175,0.7431368875686175,out_of_fold,True
AS0_Q1,Q,2,late_inverse_rmse,0.0,-11.201148830685023,-11.201148830685023,out_of_fold,True
AS0_R2,R,1,late_inverse_rmse,0.0,4.754112156369785,4.754112156369785,out_of_fold,True
AS0_S0,S,0,late_inverse_rmse,0.0,1.8021699460982363,1.8021699460982363,out_of_fold,True
AS0_T1,T,4,late_inverse_rmse,0.0,1.5119890227933408,1.5119890227933408,out_of_fold,True
AS0_U0,U,3,late_inverse_rmse,0.0,-1.3576535438430004,-1.3576535438430004,out_of_fold,True
AS0_V1,V,2,late_inverse_rmse,0.0,12.03189401231564,12.03189401231564,out_of_fold,True
AS0_W2,W,1,late_inverse_rmse,0.0,6.872856321105018,6.872856321105018,out_of_fold,True
AS0_X0,X,0,late_inverse_rmse,0.0,3.7836296551274966,3.7836296551274966,out_of_fold,True
AS1_A1,A,3,late_inverse_rmse,2.0,7.848387079554433,5.848387079554433,out_of_fold,True
AS1_B2,B,2,late_inverse_rmse,2.0,0.06920824352963086,-1.9307917564703692,out_of_fold,True
AS1_C2,C,1,late_inverse_rmse,2.0,11.326618353776727,9.326618353776727,out_of_fold,True
AS1_D0,D,0,late_inverse_rmse,2.0,10.38981747304176,8.38981747304176,out_of_fold,True
AS1_E1,E,4,late_inverse_rmse,2.0,6.976781907583124,4.976781907583124,out_of_fold,True
AS1_F2,F,3,late_inverse_rmse,2.0,5.956754917096521,3.9567549170965206,out_of_fold,True
AS1_G2,G,2,late_inverse_rmse,2.0,2.7726307211908936,0.7726307211908936,out_of_fold,True
AS1_H0,H,1,late_inverse_rmse,2.0,6.810465420026086,4.810465420026086,out_of_fold,True
AS1_I0,I,0,late_inverse_rmse,2.0,4.130511031908165,2.1305110319081653,out_of_fold,True
AS1_J1,J,4,late_inverse_rmse,2.0,7.179369487735868,5.179369487735868,out_of_fold,True
AS1_K0,K,3,late_inverse_rmse,2.0,8.300214513096174,6.300214513096174,out_of_fold,True
AS1_L1,L,2,late_inverse_rmse,2.0,3.2362866950366285,1.2362866950366285,out_of_fold,True
AS1_M0,M,1,late_inverse_rmse,2.0,10.97278054069481,8.97278054069481,out_of_fold,True
AS1_N0,N,0,late_inverse_rmse,2.0,10.134819938403412,8.134819938403412,out_of_fold,True
AS1_O2,O,4,late_inverse_rmse,2.0,3.7000196713148013,1.7000196713148013,out_of_fold,True
AS1_P1,P,3,late_inverse_rmse,2.0,2.831677911116538,0.8316779111165382,out_of_fold,True
AS1_Q0,Q,2,late_inverse_rmse,2.0,-9.925123340672895,-11.925123340672895,out_of_fold,True
AS1_R0,R,1,late_inverse_rmse,2.0,5.8922378114510545,3.8922378114510545,out_of_fold,True
AS1_S1,S,0,late_inverse_rmse,2.0,-1.702515228616589,-3.7025152286165888,out_of_fold,True
AS1_T0,T,4,late_inverse_rmse,2.0,12.595939025061714,10.595939025061714,out_of_fold,True
AS1_U2,U,3,late_inverse_rmse,2.0,1.7555562284692745,-0.2444437715307255,out_of_fold,True
AS1_V2,V,2,late_inverse_rmse,2.0,7.867891635433121,5.867891635433121,out_of_fold,True
AS1_W2,W,1,late_inverse_rmse,2.0,8.66818229667686,6.668182296676861,out_of_fold,True
AS1_X0,X,0,late_inverse_rmse,2.0,7.210076897734899,5.210076897734899,out_of_fold,True
AS2_A2,A,3,late_inverse_rmse,4.0,9.62088187275544,5.62088187275544,out_of_fold,True
AS2_B0,B,2,late_inverse_rmse,4.0,3.4300836555650975,-0.5699163444349025,out_of_fold,True
AS2_C1,C,1,late_inverse_rmse,4.0,15.59154967235678,11.59154967235678,out_of_fold,True
AS2_D2,D,0,late_inverse_rmse,4.0,13.983739512022177,9.983739512022177,out_of_fold,True
AS2_E0,E,4,late_inverse_rmse,4.0,8.660549552955503,4.660549552955503,out_of_fold,True
AS2_F2,F,3,late_inverse_rmse,4.0,9.147881069068305,5.147881069068305,out_of_fold,True
AS2_G0,G,2,late_inverse_rmse,4.0,4.824860953379798,0.8248609533797984,out_of_fold,True
AS2_H1,H,1,late_inverse_rmse,4.0,8.225113808884691,4.225113808884691,out_of_fold,True
AS2_I2,I,0,late_inverse_rmse,4.0,9.49654300383394,5.49654300383394,out_of_fold,True
AS2_J1,J,4,late_inverse_rmse,4.0,9.45565792963647,5.45565792963647,out_of_fold,True
AS2_K0,K,3,late_inverse_rmse,4.0,13.19103257408846,9.19103257408846,out_of_fold,True
AS2_L1,L,2,late_inverse_rmse,4.0,2.9190872143208284,-1.0809127856791716,out_of_fold,True
AS2_M0,M,1,late_inverse_rmse,4.0,11.196520113461059,7.196520113461059,out_of_fold,True
AS2_N2,N,0,late_inverse_rmse,4.0,10.772730931903725,6.772730931903725,out_of_fold,True
AS2_O1,O,4,late_inverse_rmse,4.0,2.939122193477763,-1.060877806522237,out_of_fold,True
AS2_P0,P,3,late_inverse_rmse,4.0,7.770724093566526,3.7707240935665256,out_of_fold,True
AS2_Q1,Q,2,late_inverse_rmse,4.0,-4.220628122158303,-8.220628122158303,out_of_fold,True
AS2_R2,R,1,late_inverse_rmse,4.0,7.613722582006298,3.6137225820062984,out_of_fold,True
AS2_S0,S,0,late_inverse_rmse,4.0,1.9020792762436551,-2.097920723756345,out_of_fold,True
AS2_T2,T,4,late_inverse_rmse,4.0,18.615956991323646,14.615956991323646,out_of_fold,True
AS2_U1,U,3,late_inverse_rmse,4.0,4.216722861390409,0.21672286139040864,out_of_fold,True
AS2_V0,V,2,late_inverse_rmse,4.0,11.11904406508489,7.119044065084889,out_of_fold,True
AS2_W0,W,1,late_inverse_rmse,4.0,9.883043208054765,5.883043208054765,out_of_fold,True
AS2_X2,X,0,late_inverse_rmse,4.0,5.192477459453505,1.1924774594535048,out_of_fold,True
AS3_A0,A,3,late_inverse_rmse,7.0,11.76764213012429,4.76764213012429,out_of_fold,True
AS3_B0,B,2,late_inverse_rmse,7.0,6.629891314097676,-0.3701086859023244,out_of_fold,True
AS3_C2,C,1,late_inverse_rmse,7.0,17.638128023321276,10.638128023321276,out_of_fold,True
AS3_D1,D,0,late_inverse_rmse,7.0,15.01710190046672,8.01710190046672,out_of_fold,True
AS3_E0,E,4,late_inverse_rmse,7.0,13.563346513329833,6.563346513329833,out_of_fold,True
AS3_F2,F,3,late_inverse_rmse,7.0,8.154461283781242,1.1544612837812416,out_of_fold,True
AS3_G0,G,2,late_inverse_rmse,7.0,7.30383122990349,0.30383122990348976,out_of_fold,True
AS3_H1,H,1,late_inverse_rmse,7.0,14.192766506524247,7.192766506524247,out_of_fold,True
AS3_I1,I,0,late_inverse_rmse,7.0,9.969521979004476,2.969521979004476,out_of_fold,True
AS3_J0,J,4,late_inverse_rmse,7.0,12.932670477086344,5.932670477086344,out_of_fold,True
AS3_K1,K,3,late_inverse_rmse,7.0,14.13786779176085,7.137867791760851,out_of_fold,True
AS3_L1,L,2,late_inverse_rmse,7.0,8.382290378843697,1.382290378843697,out_of_fold,True
AS3_M2,M,1,late_inverse_rmse,7.0,16.789013102762027,9.789013102762027,out_of_fold,True
AS3_N1,N,0,late_inverse_rmse,7.0,10.236733937887339,3.2367339378873385,out_of_fold,True
AS3_O0,O,4,late_inverse_rmse,7.0,6.255052809884852,-0.7449471901151483,out_of_fold,True
AS3_P2,P,3,late_inverse_rmse,7.0,10.278955282296266,3.278955282296266,out_of_fold,True
AS3_Q1,Q,2,late_inverse_rmse,7.0,-6.10923563602831,-13.109235636028309,out_of_fold,True
AS3_R1,R,1,late_inverse_rmse,7.0,10.97221481738352,3.97221481738352,out_of_fold,True
AS3_S1,S,0,late_inverse_rmse,7.0,4.3543558724902605,-2.6456441275097395,out_of_fold,True
AS3_T1,T,4,late_inverse_rmse,7.0,21.885010257728645,14.885010257728645,out_of_fold,True
AS3_U1,U,3,late_inverse_rmse,7.0,5.49484363044191,-1.5051563695580903,out_of_fold,True
AS3_V2,V,2,late_inverse_rmse,7.0,14.163612804171574,7.163612804171574,out_of_fold,True
AS3_W1,W,1,late_inverse_rmse,7.0,13.714575873671224,6.714575873671224,out_of_fold,True
AS3_X2,X,0,late_inverse_rmse,7.0,8.040361819645867,1.0403618196458666,out_of_fold,True
AS4_A1,A,3,late_inverse_rmse,9.0,12.967205698105255,3.9672056981052553,out_of_fold,True
AS4_B1,B,2,late_inverse_rmse,9.0,6.050052046504314,-2.949947953495686,out_of_fold,True
AS4_C1,C,1,late_inverse_rmse,9.0,21.498628252346045,12.498628252346045,out_of_fold,True
AS4_D1,D,0,late_inverse_rmse,9.0,19.771687679170743,10.771687679170743,out_of_fold,True
AS4_E2,E,4,late_inverse_rmse,9.0,13.043695096878636,4.043695096878636,out_of_fold,True
AS4_F2,F,3,late_inverse_rmse,9.0,12.800619653630134,3.800619653630134,out_of_fold,True
AS4_G2,G,2,late_inverse_rmse,9.0,8.894393796507865,-0.10560620349213501,out_of_fold,True
AS4_H1,H,1,late_inverse_rmse,9.0,13.605243170648848,4.605243170648848,out_of_fold,True
AS4_I1,I,0,late_inverse_rmse,9.0,12.666345808226872,3.666345808226872,out_of_fold,True
AS4_J2,J,4,late_inverse_rmse,9.0,13.534074930524719,4.534074930524719,out_of_fold,True
AS4_K2,K,3,late_inverse_rmse,9.0,17.82335278034375,8.82335278034375,out_of_fold,True
AS4_L1,L,2,late_inverse_rmse,9.0,9.657480800737545,0.6574808007375452,out_of_fold,True
AS4_M2,M,1,late_inverse_rmse,9.0,19.72798423936517,10.72798423936517,out_of_fold,True
AS4_N2,N,0,late_inverse_rmse,9.0,15.09086019392339,6.09086019392339,out_of_fold,True
AS4_O1,O,4,late_inverse_rmse,9.0,7.769977972008412,-1.2300220279915877,out_of_fold,True
AS4_P0,P,3,late_inverse_rmse,9.0,10.26289135425846,1.2628913542584606,out_of_fold,True
AS4_Q0,Q,2,late_inverse_rmse,9.0,-0.5324308218406564,-9.532430821840656,out_of_fold,True
AS4_R2,R,1,late_inverse_rmse,9.0,13.289825837986982,4.289825837986982,out_of_fold,True
AS4_S1,S,0,late_inverse_rmse,9.0,6.203254745345142,-2.7967452546548577,out_of_fold,True
AS4_T1,T,4,late_inverse_rmse,9.0,23.80195605703274,14.80195605703274,out_of_fold,True
AS4_U1,U,3,late_inverse_rmse,9.0,7.356488744832616,-1.6435112551673843,out_of_fold,True
AS4_V0,V,2,late_inverse_rmse,9.0,18.880465534797985,9.880465534797985,out_of_fold,True
AS4_W0,W,1,late_inverse_rmse,9.0,16.02245988339657,7.0224598833965715,out_of_fold,True
AS4_X1,X,0,late_inverse_rmse,9.0,8.914873210580836,-0.08512678941916363,out_of_fold,True
AS5_A1,A,3,late_inverse_rmse,18.0,19.733430495601286,1.7334304956012865,out_of_fold,True
AS5_B1,B,2,late_inverse_rmse,18.0,12.918408298113865,-5.0815917018861345,out_of_fold,True
AS5_C0,C,1,late_inverse_rmse,18.0,27.3851454810839,9.3851454810839,out_of_fold,True
AS5_D0,D,0,late_inverse_rmse,18.0,25.34447417748046,7.3444741774804605,out_of_fold,True
AS5_E1,E,4,late_inverse_rmse,18.0,19.90239751241842,1.9023975124184211,out_of_fold,True
AS5_F1,F,3,late_inverse_rmse,18.0,17.840938047986437,-0.15906195201356255,out_of_fold,True
AS5_G1,G,2,late_inverse_rmse,18.0,15.574483464161311,-2.425516535838689,out_of_fold,True
AS5_H1,H,1,late_inverse_rmse,18.0,19.46740668555598,1.4674066855559786,out_of_fold,True
AS5_I2,I,0,late_inverse_rmse,18.0,18.84618431698795,0.8461843169879515,out_of_fold,True
AS5_J0,J,4,late_inverse_rmse,18.0,18.426919559242588,0.42691955924258806,out_of_fold,True
AS5_K2,K,3,late_inverse_rmse,18.0,22.84286049231431,4.842860492314308,out_of_fold,True
AS5_L2,L,2,late_inverse_rmse,18.0,13.379843439558972,-4.620156560441028,out_of_fold,True
AS5_M1,M,1,late_inverse_rmse,18.0,29.90421057337176,11.90421057337176,out_of_fold,True
AS5_N2,N,0,late_inverse_rmse,18.0,21.03288287301884,3.0328828730188384,out_of_fold,True
AS5_O2,O,4,late_inverse_rmse,18.0,13.555339781225403,-4.444660218774597,out_of_fold,True
AS5_P2,P,3,late_inverse_rmse,18.0,17.303048431726907,-0.6969515682730929,out_of_fold,True
AS5_Q0,Q,2,late_inverse_rmse,18.0,3.7991701981928787,-14.20082980180712,out_of_fold,True
AS5_R2,R,1,late_inverse_rmse,18.0,19.92364317739415,1.9236431773941511,out_of_fold,True
AS5_S2,S,0,late_inverse_rmse,18.0,12.93794555090508,-5.062054449094919,out_of_fold,True
AS5_T2,T,4,late_inverse_rmse,18.0,30.636131107847444,12.636131107847444,out_of_fold,True
AS5_U2,U,3,late_inverse_rmse,18.0,12.366073516354703,-5.633926483645297,out_of_fold,True
AS5_V0,V,2,late_inverse_rmse,18.0,25.12167320238646,7.121673202386461,out_of_fold,True
AS5_W1,W,1,late_inverse_rmse,18.0,22.378377860483475,4.378377860483475,out_of_fold,True
AS5_X2,X,0,late_inverse_rmse,18.0,14.226594483572786,-3.7734055164272142,out_of_fold,True
AS6_A0,A,3,late_inverse_rmse,27.0,30.54113352075862,3.5411335207586205,out_of_fold,True
AS6_B1,B,2,late_inverse_rmse,27.0,22.502038174603765,-4.497961825396235,out_of_fold,True
AS6_C2,C,1,late_inverse_rmse,27.0,44.982091839124706,17.982091839124706,out_of_fold,True
AS6_D0,D,0,late_inverse_rmse,27.0,40.95897367327916,13.95897367327916,out_of_fold,True
AS6_E1,E,4,late_inverse_rmse,27.0,26.00823879970615,-0.9917612002938512,out_of_fold,True
AS6_F1,F,3,late_inverse_rmse,27.0,27.736794665814248,0.7367946658142479,out_of_fold,True
AS6_G2,G,2,late_inverse_rmse,27.0,24.856412526544162,-2.143587473455838,out_of_fold,True
AS6_H0,H,1,late_inverse_rmse,27.0,26.897912116333597,-0.1020878836664032,out_of_fold,True
AS6_I1,I,0,late_inverse_rmse,27.0,33.70457121076103,6.704571210761031,out_of_fold,True
AS6_J0,J,4,late_inverse_rmse,27.0,26.083784082014237,-0.9162159179857632,out_of_fold,True
AS6_K2,K,3,late_inverse_rmse,27.0,33.31761472929319,6.31761472929319,out_of_fold,True
AS6_L0,L,2,late_inverse_rmse,27.0,21.417357027597422,-5.582642972402578,out_of_fold,True
AS6_M1,M,1,late_inverse_rmse,27.0,40.13387014942184,13.133870149421838,out_of_fold,True
AS6_N1,N,0,late_inverse_rmse,27.0,28.15519089792417,1.1551908979241716,out_of_fold,True
AS6_O0,O,4,late_inverse_rmse,27.0,21.584071375228355,-5.415928624771645,out_of_fold,True
AS6_P1,P,3,late_inverse_rmse,27.0,22.205825681996142,-4.794174318003858,out_of_fold,True
AS6_Q1,Q,2,late_inverse_rmse,27.0,9.743552174012459,-17.256447825987543,out_of_fold,True
AS6_R1,R,1,late_inverse_rmse,27.0,25.621587675577082,-1.3784123244229178,out_of_fold,True
AS6_S0,S,0,late_inverse_rmse,27.0,13.512146519480872,-13.487853480519128,out_of_fold,True
AS6_T2,T,4,late_inverse_rmse,27.0,36.986462137502954,9.986462137502954,out_of_fold,True
AS6_U1,U,3,late_inverse_rmse,27.0,16.670566227604684,-10.329433772395316,out_of_fold,True
AS6_V2,V,2,late_inverse_rmse,27.0,33.23708815037547,6.23708815037547,out_of_fold,True
AS6_W2,W,1,late_inverse_rmse,27.0,30.759079465628524,3.759079465628524,out_of_fold,True
AS6_X2,X,0,late_inverse_rmse,27.0,14.052381006957685,-12.947618993042315,out_of_fold,True
AS7_A0,A,3,late_inverse_rmse,36.0,33.82103916206373,-2.1789608379362733,out_of_fold,True
AS7_B2,B,2,late_inverse_rmse,36.0,35.14659204572705,-0.8534079542729529,out_of_fold,True
AS7_C0,C,1,late_inverse_rmse,36.0,48.457062363789994,12.457062363789994,out_of_fold,True
AS7_D0,D,0,late_inverse_rmse,36.0,42.87368524216267,6.873685242162672,out_of_fold,True
AS7_E0,E,4,late_inverse_rmse,36.0,37.15931883109994,1.159318831099938,out_of_fold,True
AS7_F2,F,3,late_inverse_rmse,36.0,25.676217141236584,-10.323782858763416,out_of_fold,True
AS7_G2,G,2,late_inverse_rmse,36.0,35.24138708879876,-0.7586129112012401,out_of_fold,True
AS7_H0,H,1,late_inverse_rmse,36.0,36.94481511394323,0.9448151139432284,out_of_fold,True
AS7_I2,I,0,late_inverse_rmse,36.0,36.81405188610283,0.8140518861028312,out_of_fold,True
AS7_J2,J,4,late_inverse_rmse,36.0,32.88567859871009,-3.1143214012899065,out_of_fold,True
AS7_K0,K,3,late_inverse_rmse,36.0,35.94029045797201,-0.059709542027988505,out_of_fold,True
AS7_L1,L,2,late_inverse_rmse,36.0,26.589322811469405,-9.410677188530595,out_of_fold,True
AS7_M2,M,1,late_inverse_rmse,36.0,48.11830143947391,12.11830143947391,out_of_fold,True
AS7_N1,N,0,late_inverse_rmse,36.0,28.821215884722104,-7.178784115277896,out_of_fold,True
AS7_O2,O,4,late_inverse_rmse,36.0,26.213617425028033,-9.786382574971967,out_of_fold,True
AS7_P2,P,3,late_inverse_rmse,36.0,31.894361620013548,-4.105638379986452,out_of_fold,True
AS7_Q1,Q,2,late_inverse_rmse,36.0,14.464144780141776,-21.535855219858224,out_of_fold,True
AS7_R1,R,1,late_inverse_rmse,36.0,32.78200050352257,-3.2179994964774323,out_of_fold,True
AS7_S0,S,0,late_inverse_rmse,36.0,23.37588538616177,-12.62411461383823,out_of_fold,True
AS7_T1,T,4,late_inverse_rmse,36.0,45.01905016608254,9.019050166082543,out_of_fold,True
AS7_U0,U,3,late_inverse_rmse,36.0,23.998902714437996,-12.001097285562004,out_of_fold,True
AS7_V1,V,2,late_inverse_rmse,36.0,40.82047403267702,4.820474032677019,out_of_fold,True
AS7_W2,W,1,late_inverse_rmse,36.0,38.1410843930558,2.141084393055799,out_of_fold,True
AS7_X1,X,0,late_inverse_rmse,36.0,23.452241984641724,-12.547758015358276,out_of_fold,True
AS8_A0,A,3,late_inverse_rmse,45.0,37.174355807284385,-7.825644192715615,out_of_fold,True
AS8_B0,B,2,late_inverse_rmse,45.0,34.09370411281083,-10.906295887189167,out_of_fold,True
AS8_C2,C,1,late_inverse_rmse,45.0,55.23688770647415,10.23688770647415,out_of_fold,True
AS8_D1,D,0,late_inverse_rmse,45.0,46.88360091736121,1.883600917361207,out_of_fold,True
AS8_E0,E,4,late_inverse_rmse,45.0,34.96841957070134,-10.031580429298657,out_of_fold,True
AS8_F0,F,3,late_inverse_rmse,45.0,31.12492973954363,-13.875070260456368,out_of_fold,True
AS8_G1,G,2,late_inverse_rmse,45.0,33.629451779654445,-11.370548220345555,out_of_fold,True
AS8_H0,H,1,late_inverse_rmse,45.0,37.108541624553325,-7.891458375446675,out_of_fold,True
AS8_I0,I,0,late_inverse_rmse,45.0,41.592847666368144,-3.4071523336318563,out_of_fold,True
AS8_J2,J,4,late_inverse_rmse,45.0,34.53234616160087,-10.46765383839913,out_of_fold,True
AS8_K0,K,3,late_inverse_rmse,45.0,39.699121388752076,-5.300878611247924,out_of_fold,True
AS8_L0,L,2,late_inverse_rmse,45.0,28.097930353073455,-16.902069646926545,out_of_fold,True
AS8_M1,M,1,late_inverse_rmse,45.0,57.93208618525996,12.932086185259962,out_of_fold,True
AS8_N0,N,0,late_inverse_rmse,45.0,32.521864432308604,-12.478135567691396,out_of_fold,True
AS8_O2,O,4,late_inverse_rmse,45.0,32.05709700554776,-12.94290299445224,out_of_fold,True
AS8_P0,P,3,late_inverse_rmse,45.0,33.65934240841695,-11.340657591583053,out_of_fold,True
AS8_Q1,Q,2,late_inverse_rmse,45.0,19.281689828545076,-25.718310171454924,out_of_fold,True
AS8_R2,R,1,late_inverse_rmse,45.0,38.55803636837641,-6.441963631623587,out_of_fold,True
AS8_S2,S,0,late_inverse_rmse,45.0,28.709445711393883,-16.290554288606117,out_of_fold,True
AS8_T2,T,4,late_inverse_rmse,45.0,52.61447041105258,7.614470411052579,out_of_fold,True
AS8_U0,U,3,late_inverse_rmse,45.0,24.388999694088838,-20.611000305911162,out_of_fold,True
AS8_V2,V,2,late_inverse_rmse,45.0,45.03259551165511,0.03259551165510999,out_of_fold,True
AS8_W0,W,1,late_inverse_rmse,45.0,44.53923375800224,-0.46076624199776006,out_of_fold,True
AS8_X2,X,0,late_inverse_rmse,45.0,25.247984931388594,-19.752015068611406,out_of_fold,True
AS9_A0,A,3,late_inverse_rmse,53.0,35.92947521495404,-17.07052478504596,out_of_fold,True
AS9_B0,B,2,late_inverse_rmse,53.0,38.7530114717381,-14.246988528261902,out_of_fold,True
AS9_C0,C,1,late_inverse_rmse,53.0,56.0116395693893,3.0116395693893026,out_of_fold,True
AS9_D0,D,0,late_inverse_rmse,53.0,51.68940497123882,-1.3105950287611776,out_of_fold,True
AS9_E1,E,4,late_inverse_rmse,53.0,39.05636040085899,-13.943639599141008,out_of_fold,True
AS9_F1,F,3,late_inverse_rmse,53.0,32.42872622979536,-20.57127377020464,out_of_fold,True
AS9_G2,G,2,late_inverse_rmse,53.0,43.90635796510716,-9.093642034892838,out_of_fold,True
AS9_H0,H,1,late_inverse_rmse,53.0,45.85451584404038,-7.145484155959622,out_of_fold,True
AS9_I1,I,0,late_inverse_rmse,53.0,43.85566768717492,-9.144332312825078,out_of_fold,True
AS9_J1,J,4,late_inverse_rmse,53.0,36.24187536574622,-16.758124634253782,out_of_fold,True
AS9_K1,K,3,late_inverse_rmse,53.0,42.48128917096446,-10.518710829035541,out_of_fold,True
AS9_L1,L,2,late_inverse_rmse,53.0,31.73235310614762,-21.26764689385238,out_of_fold,True
AS9_M0,M,1,late_inverse_rmse,53.0,67.84856586041138,14.848565860411384,out_of_fold,True
AS9_N0,N,0,late_inverse_rmse,53.0,38.92265069231016,-14.077349307689843,out_of_fold,True
AS9_O1,O,4,late_inverse_rmse,53.0,35.73680238280414,-17.263197617195857,out_of_fold,True
AS9_P0,P,3,late_inverse_rmse,53.0,37.9815106678756,-15.018489332124403,out_of_fold,True
AS9_Q0,Q,2,late_inverse_rmse,53.0,22.82115627711627,-30.17884372288373,out_of_fold,True
AS9_R0,R,1,late_inverse_rmse,53.0,43.57900102133547,-9.420998978664528,out_of_fold,True
AS9_S2,S,0,late_inverse_rmse,53.0,27.153769015785446,-25.846230984214554,out_of_fold,True
AS9_T2,T,4,late_inverse_rmse,53.0,52.03820827603167,-0.9617917239683322,out_of_fold,True
AS9_U0,U,3,late_inverse_rmse,53.0,31.63584623107465,-21.36415376892535,out_of_fold,True
AS9_V2,V,2,late_inverse_rmse,53.0,51.23098927212944,-1.7690107278705582,out_of_fold,True
AS9_W2,W,1,late_inverse_rmse,53.0,46.61152743039458,-6.388472569605419,out_of_fold,True
AS9_X0,X,0,late_inverse_rmse,53.0,29.10766128166653,-23.89233871833347,out_of_fold,True
AS0_A0,A,3,training_mean,0.0,20.1,20.1,out_of_fold,True
AS0_B2,B,2,training_mean,0.0,20.1,20.1,out_of_fold,True
AS0_C2,C,1,training_mean,0.0,20.1,20.1,out_of_fold,True
AS0_D2,D,0,training_mean,0.0,20.1,20.1,out_of_fold,True
AS0_E2,E,4,training_mean,0.0,20.1,20.1,out_of_fold,True
AS0_F0,F,3,training_mean,0.0,20.1,20.1,out_of_fold,True
AS0_G1,G,2,training_mean,0.0,20.1,20.1,out_of_fold,True
AS0_H2,H,1,training_mean,0.0,20.1,20.1,out_of_fold,True
AS0_I0,I,0,training_mean,0.0,20.1,20.1,out_of_fold,True
AS0_J2,J,4,training_mean,0.0,20.1,20.1,out_of_fold,True
AS0_K2,K,3,training_mean,0.0,20.1,20.1,out_of_fold,True
AS0_L2,L,2,training_mean,0.0,20.1,20.1,out_of_fold,True
AS0_M0,M,1,training_mean,0.0,20.1,20.1,out_of_fold,True
AS0_N0,N,0,training_mean,0.0,20.1,20.1,out_of_fold,True
AS0_O0,O,4,training_mean,0.0,20.1,20.1,out_of_fold,True
AS0_P2,P,3,training_mean,0.0,20.1,20.1,out_of_fold,True
AS0_Q1,Q,2,training_mean,0.0,20.1,20.1,out_of_fold,True
AS0_R2,R,1,training_mean,0.0,20.1,20.1,out_of_fold,True
AS0_S0,S,0,training_mean,0.0,20.1,20.1,out_of_fold,True
AS0_T1,T,4,training_mean,0.0,20.1,20.1,out_of_fold,True
AS0_U0,U,3,training_mean,0.0,20.1,20.1,out_of_fold,True
AS0_V1,V,2,training_mean,0.0,20.1,20.1,out_of_fold,True
AS0_W2,W,1,training_mean,0.0,20.1,20.1,out_of_fold,True
AS0_X0,X,0,training_mean,0.0,20.1,20.1,out_of_fold,True
AS1_A1,A,3,training_mean,2.0,20.1,18.1,out_of_fold,True
AS1_B2,B,2,training_mean,2.0,20.1,18.1,out_of_fold,True
AS1_C2,C,1,training_mean,2.0,20.1,18.1,out_of_fold,True
AS1_D0,D,0,training_mean,2.0,20.1,18.1,out_of_fold,True
AS1_E1,E,4,training_mean,2.0,20.1,18.1,out_of_fold,True
AS1_F2,F,3,training_mean,2.0,20.1,18.1,out_of_fold,True
AS1_G2,G,2,training_mean,2.0,20.1,18.1,out_of_fold,True
AS1_H0,H,1,training_mean,2.0,20.1,18.1,out_of_fold,True
AS1_I0,I,0,training_mean,2.0,20.1,18.1,out_of_fold,True
AS1_J1,J,4,training_mean,2.0,20.1,18.1,out_of_fold,True
AS1_K0,K,3,training_mean,2.0,20.1,18.1,out_of_fold,True
AS1_L1,L,2,training_mean,2.0,20.1,18.1,out_of_fold,True
AS1_M0,M,1,training_mean,2.0,20.1,18.1,out_of_fold,True
AS1_N0,N,0,training_mean,2.0,20.1,18.1,out_of_fold,True
AS1_O2,O,4,training_mean,2.0,20.1,18.1,out_of_fold,True
AS1_P1,P,3,training_mean,2.0,20.1,18.1,out_of_fold,True
AS1_Q0,Q,2,training_mean,2.0,20.1,18.1,out_of_fold,True
AS1_R0,R,1,training_mean,2.0,20.1,18.1,out_of_fold,True
AS1_S1,S,0,training_mean,2.0,20.1,18.1,out_of_fold,True
AS1_T0,T,4,training_mean,2.0,20.1,18.1,out_of_fold,True
AS1_U2,U,3,training_mean,2.0,20.1,18.1,out_of_fold,True
AS1_V2,V,2,training_mean,2.0,20.1,18.1,out_of_fold,True
AS1_W2,W,1,training_mean,2.0,20.1,18.1,out_of_fold,True
AS1_X0,X,0,training_mean,2.0,20.1,18.1,out_of_fold,True
AS2_A2,A,3,training_mean,4.0,20.1,16.1,out_of_fold,True
AS2_B0,B,2,training_mean,4.0,20.1,16.1,out_of_fold,True
AS2_C1,C,1,training_mean,4.0,20.1,16.1,out_of_fold,True
AS2_D2,D,0,training_mean,4.0,20.1,16.1,out_of_fold,True
AS2_E0,E,4,training_mean,4.0,20.1,16.1,out_of_fold,True
AS2_F2,F,3,training_mean,4.0,20.1,16.1,out_of_fold,True
AS2_G0,G,2,training_mean,4.0,20.1,16.1,out_of_fold,True
AS2_H1,H,1,training_mean,4.0,20.1,16.1,out_of_fold,True
AS2_I2,I,0,training_mean,4.0,20.1,16.1,out_of_fold,True
AS2_J1,J,4,training_mean,4.0,20.1,16.1,out_of_fold,True
AS2_K0,K,3,training_mean,4.0,20.1,16.1,out_of_fold,True
AS2_L1,L,2,training_mean,4.0,20.1,16.1,out_of_fold,True
AS2_M0,M,1,training_mean,4.0,20.1,16.1,out_of_fold,True
AS2_N2,N,0,training_mean,4.0,20.1,16.1,out_of_fold,True
AS2_O1,O,4,training_mean,4.0,20.1,16.1,out_of_fold,True
AS2_P0,P,3,training_mean,4.0,20.1,16.1,out_of_fold,True
AS2_Q1,Q,2,training_mean,4.0,20.1,16.1,out_of_fold,True
AS2_R2,R,1,training_mean,4.0,20.1,16.1,out_of_fold,True
AS2_S0,S,0,training_mean,4.0,20.1,16.1,out_of_fold,True
AS2_T2,T,4,training_mean,4.0,20.1,16.1,out_of_fold,True
AS2_U1,U,3,training_mean,4.0,20.1,16.1,out_of_fold,True
AS2_V0,V,2,training_mean,4.0,20.1,16.1,out_of_fold,True
AS2_W0,W,1,training_mean,4.0,20.1,16.1,out_of_fold,True
AS2_X2,X,0,training_mean,4.0,20.1,16.1,out_of_fold,True
AS3_A0,A,3,training_mean,7.0,20.1,13.100000000000001,out_of_fold,True
AS3_B0,B,2,training_mean,7.0,20.1,13.100000000000001,out_of_fold,True
AS3_C2,C,1,training_mean,7.0,20.1,13.100000000000001,out_of_fold,True
AS3_D1,D,0,training_mean,7.0,20.1,13.100000000000001,out_of_fold,True
AS3_E0,E,4,training_mean,7.0,20.1,13.100000000000001,out_of_fold,True
AS3_F2,F,3,training_mean,7.0,20.1,13.100000000000001,out_of_fold,True
AS3_G0,G,2,training_mean,7.0,20.1,13.100000000000001,out_of_fold,True
AS3_H1,H,1,training_mean,7.0,20.1,13.100000000000001,out_of_fold,True
AS3_I1,I,0,training_mean,7.0,20.1,13.100000000000001,out_of_fold,True
AS3_J0,J,4,training_mean,7.0,20.1,13.100000000000001,out_of_fold,True
AS3_K1,K,3,training_mean,7.0,20.1,13.100000000000001,out_of_fold,True
AS3_L1,L,2,training_mean,7.0,20.1,13.100000000000001,out_of_fold,True
AS3_M2,M,1,training_mean,7.0,20.1,13.100000000000001,out_of_fold,True
AS3_N1,N,0,training_mean,7.0,20.1,13.100000000000001,out_of_fold,True
AS3_O0,O,4,training_mean,7.0,20.1,13.100000000000001,out_of_fold,True
AS3_P2,P,3,training_mean,7.0,20.1,13.100000000000001,out_of_fold,True
AS3_Q1,Q,2,training_mean,7.0,20.1,13.100000000000001,out_of_fold,True
AS3_R1,R,1,training_mean,7.0,20.1,13.100000000000001,out_of_fold,True
AS3_S1,S,0,training_mean,7.0,20.1,13.100000000000001,out_of_fold,True
AS3_T1,T,4,training_mean,7.0,20.1,13.100000000000001,out_of_fold,True
AS3_U1,U,3,training_mean,7.0,20.1,13.100000000000001,out_of_fold,True
AS3_V2,V,2,training_mean,7.0,20.1,13.100000000000001,out_of_fold,True
AS3_W1,W,1,training_mean,7.0,20.1,13.100000000000001,out_of_fold,True
AS3_X2,X,0,training_mean,7.0,20.1,13.100000000000001,out_of_fold,True
AS4_A1,A,3,training_mean,9.0,20.1,11.100000000000001,out_of_fold,True
AS4_B1,B,2,training_mean,9.0,20.1,11.100000000000001,out_of_fold,True
AS4_C1,C,1,training_mean,9.0,20.1,11.100000000000001,out_of_fold,True
AS4_D1,D,0,training_mean,9.0,20.1,11.100000000000001,out_of_fold,True
AS4_E2,E,4,training_mean,9.0,20.1,11.100000000000001,out_of_fold,True
AS4_F2,F,3,training_mean,9.0,20.1,11.100000000000001,out_of_fold,True
AS4_G2,G,2,training_mean,9.0,20.1,11.100000000000001,out_of_fold,True
AS4_H1,H,1,training_mean,9.0,20.1,11.100000000000001,out_of_fold,True
AS4_I1,I,0,training_mean,9.0,20.1,11.100000000000001,out_of_fold,True
AS4_J2,J,4,training_mean,9.0,20.1,11.100000000000001,out_of_fold,True
AS4_K2,K,3,training_mean,9.0,20.1,11.100000000000001,out_of_fold,True
AS4_L1,L,2,training_mean,9.0,20.1,11.100000000000001,out_of_fold,True
AS4_M2,M,1,training_mean,9.0,20.1,11.100000000000001,out_of_fold,True
AS4_N2,N,0,training_mean,9.0,20.1,11.100000000000001,out_of_fold,True
AS4_O1,O,4,training_mean,9.0,20.1,11.100000000000001,out_of_fold,True
AS4_P0,P,3,training_mean,9.0,20.1,11.100000000000001,out_of_fold,True
AS4_Q0,Q,2,training_mean,9.0,20.1,11.100000000000001,out_of_fold,True
AS4_R2,R,1,training_mean,9.0,20.1,11.100000000000001,out_of_fold,True
AS4_S1,S,0,training_mean,9.0,20.1,11.100000000000001,out_of_fold,True
AS4_T1,T,4,training_mean,9.0,20.1,11.100000000000001,out_of_fold,True
AS4_U1,U,3,training_mean,9.0,20.1,11.100000000000001,out_of_fold,True
AS4_V0,V,2,training_mean,9.0,20.1,11.100000000000001,out_of_fold,True
AS4_W0,W,1,training_mean,9.0,20.1,11.100000000000001,out_of_fold,True
AS4_X1,X,0,training_mean,9.0,20.1,11.100000000000001,out_of_fold,True
AS5_A1,A,3,training_mean,18.0,20.1,2.1000000000000014,out_of_fold,True
AS5_B1,B,2,training_mean,18.0,20.1,2.1000000000000014,out_of_fold,True
AS5_C0,C,1,training_mean,18.0,20.1,2.1000000000000014,out_of_fold,True
AS5_D0,D,0,training_mean,18.0,20.1,2.1000000000000014,out_of_fold,True
AS5_E1,E,4,training_mean,18.0,20.1,2.1000000000000014,out_of_fold,True
AS5_F1,F,3,training_mean,18.0,20.1,2.1000000000000014,out_of_fold,True
AS5_G1,G,2,training_mean,18.0,20.1,2.1000000000000014,out_of_fold,True
AS5_H1,H,1,training_mean,18.0,20.1,2.1000000000000014,out_of_fold,True
AS5_I2,I,0,training_mean,18.0,20.1,2.1000000000000014,out_of_fold,True
AS5_J0,J,4,training_mean,18.0,20.1,2.1000000000000014,out_of_fold,True
AS5_K2,K,3,training_mean,18.0,20.1,2.1000000000000014,out_of_fold,True
AS5_L2,L,2,training_mean,18.0,20.1,2.1000000000000014,out_of_fold,True
AS5_M1,M,1,training_mean,18.0,20.1,2.1000000000000014,out_of_fold,True
AS5_N2,N,0,training_mean,18.0,20.1,2.1000000000000014,out_of_fold,True
AS5_O2,O,4,training_mean,18.0,20.1,2.1000000000000014,out_of_fold,True
AS5_P2,P,3,training_mean,18.0,20.1,2.1000000000000014,out_of_fold,True
AS5_Q0,Q,2,training_mean,18.0,20.1,2.1000000000000014,out_of_fold,True
AS5_R2,R,1,training_mean,18.0,20.1,2.1000000000000014,out_of_fold,True
AS5_S2,S,0,training_mean,18.0,20.1,2.1000000000000014,out_of_fold,True
AS5_T2,T,4,training_mean,18.0,20.1,2.1000000000000014,out_of_fold,True
AS5_U2,U,3,training_mean,18.0,20.1,2.1000000000000014,out_of_fold,True
AS5_V0,V,2,training_mean,18.0,20.1,2.1000000000000014,out_of_fold,True
AS5_W1,W,1,training_mean,18.0,20.1,2.1000000000000014,out_of_fold,True
AS5_X2,X,0,training_mean,18.0,20.1,2.1000000000000014,out_of_fold,True
AS6_A0,A,3,training_mean,27.0,20.1,-6.899999999999999,out_of_fold,True
AS6_B1,B,2,training_mean,27.0,20.1,-6.899999999999999,out_of_fold,True
AS6_C2,C,1,training_mean,27.0,20.1,-6.899999999999999,out_of_fold,True
AS6_D0,D,0,training_mean,27.0,20.1,-6.899999999999999,out_of_fold,True
AS6_E1,E,4,training_mean,27.0,20.1,-6.899999999999999,out_of_fold,True
AS6_F1,F,3,training_mean,27.0,20.1,-6.899999999999999,out_of_fold,True
AS6_G2,G,2,training_mean,27.0,20.1,-6.899999999999999,out_of_fold,True
AS6_H0,H,1,training_mean,27.0,20.1,-6.899999999999999,out_of_fold,True
AS6_I1,I,0,training_mean,27.0,20.1,-6.899999999999999,out_of_fold,True
AS6_J0,J,4,training_mean,27.0,20.1,-6.899999999999999,out_of_fold,True
AS6_K2,K,3,training_mean,27.0,20.1,-6.899999999999999,out_of_fold,True
AS6_L0,L,2,training_mean,27.0,20.1,-6.899999999999999,out_of_fold,True
AS6_M1,M,1,training_mean,27.0,20.1,-6.899999999999999,out_of_fold,True
AS6_N1,N,0,training_mean,27.0,20.1,-6.899999999999999,out_of_fold,True
AS6_O0,O,4,training_mean,27.0,20.1,-6.899999999999999,out_of_fold,True
AS6_P1,P,3,training_mean,27.0,20.1,-6.899999999999999,out_of_fold,True
AS6_Q1,Q,2,training_mean,27.0,20.1,-6.899999999999999,out_of_fold,True
AS6_R1,R,1,training_mean,27.0,20.1,-6.899999999999999,out_of_fold,True
AS6_S0,S,0,training_mean,27.0,20.1,-6.899999999999999,out_of_fold,True
AS6_T2,T,4,training_mean,27.0,20.1,-6.899999999999999,out_of_fold,True
AS6_U1,U,3,training_mean,27.0,20.1,-6.899999999999999,out_of_fold,True
AS6_V2,V,2,training_mean,27.0,20.1,-6.899999999999999,out_of_fold,True
AS6_W2,W,1,training_mean,27.0,20.1,-6.899999999999999,out_of_fold,True
AS6_X2,X,0,training_mean,27.0,20.1,-6.899999999999999,out_of_fold,True
AS7_A0,A,3,training_mean,36.0,20.1,-15.899999999999999,out_of_fold,True
AS7_B2,B,2,training_mean,36.0,20.1,-15.899999999999999,out_of_fold,True
AS7_C0,C,1,training_mean,36.0,20.1,-15.899999999999999,out_of_fold,True
AS7_D0,D,0,training_mean,36.0,20.1,-15.899999999999999,out_of_fold,True
AS7_E0,E,4,training_mean,36.0,20.1,-15.899999999999999,out_of_fold,True
AS7_F2,F,3,training_mean,36.0,20.1,-15.899999999999999,out_of_fold,True
AS7_G2,G,2,training_mean,36.0,20.1,-15.899999999999999,out_of_fold,True
AS7_H0,H,1,training_mean,36.0,20.1,-15.899999999999999,out_of_fold,True
AS7_I2,I,0,training_mean,36.0,20.1,-15.899999999999999,out_of_fold,True
AS7_J2,J,4,training_mean,36.0,20.1,-15.899999999999999,out_of_fold,True
AS7_K0,K,3,training_mean,36.0,20.1,-15.899999999999999,out_of_fold,True
AS7_L1,L,2,training_mean,36.0,20.1,-15.899999999999999,out_of_fold,True
AS7_M2,M,1,training_mean,36.0,20.1,-15.899999999999999,out_of_fold,True
AS7_N1,N,0,training_mean,36.0,20.1,-15.899999999999999,out_of_fold,True
AS7_O2,O,4,training_mean,36.0,20.1,-15.899999999999999,out_of_fold,True
AS7_P2,P,3,training_mean,36.0,20.1,-15.899999999999999,out_of_fold,True
AS7_Q1,Q,2,training_mean,36.0,20.1,-15.899999999999999,out_of_fold,True
AS7_R1,R,1,training_mean,36.0,20.1,-15.899999999999999,out_of_fold,True
AS7_S0,S,0,training_mean,36.0,20.1,-15.899999999999999,out_of_fold,True
AS7_T1,T,4,training_mean,36.0,20.1,-15.899999999999999,out_of_fold,True
AS7_U0,U,3,training_mean,36.0,20.1,-15.899999999999999,out_of_fold,True
AS7_V1,V,2,training_mean,36.0,20.1,-15.899999999999999,out_of_fold,True
AS7_W2,W,1,training_mean,36.0,20.1,-15.899999999999999,out_of_fold,True
AS7_X1,X,0,training_mean,36.0,20.1,-15.899999999999999,out_of_fold,True
AS8_A0,A,3,training_mean,45.0,20.1,-24.9,out_of_fold,True
AS8_B0,B,2,training_mean,45.0,20.1,-24.9,out_of_fold,True
AS8_C2,C,1,training_mean,45.0,20.1,-24.9,out_of_fold,True
AS8_D1,D,0,training_mean,45.0,20.1,-24.9,out_of_fold,True
AS8_E0,E,4,training_mean,45.0,20.1,-24.9,out_of_fold,True
AS8_F0,F,3,training_mean,45.0,20.1,-24.9,out_of_fold,True
AS8_G1,G,2,training_mean,45.0,20.1,-24.9,out_of_fold,True
AS8_H0,H,1,training_mean,45.0,20.1,-24.9,out_of_fold,True
AS8_I0,I,0,training_mean,45.0,20.1,-24.9,out_of_fold,True
AS8_J2,J,4,training_mean,45.0,20.1,-24.9,out_of_fold,True
AS8_K0,K,3,training_mean,45.0,20.1,-24.9,out_of_fold,True
AS8_L0,L,2,training_mean,45.0,20.1,-24.9,out_of_fold,True
AS8_M1,M,1,training_mean,45.0,20.1,-24.9,out_of_fold,True
AS8_N0,N,0,training_mean,45.0,20.1,-24.9,out_of_fold,True
AS8_O2,O,4,training_mean,45.0,20.1,-24.9,out_of_fold,True
AS8_P0,P,3,training_mean,45.0,20.1,-24.9,out_of_fold,True
AS8_Q1,Q,2,training_mean,45.0,20.1,-24.9,out_of_fold,True
AS8_R2,R,1,training_mean,45.0,20.1,-24.9,out_of_fold,True
AS8_S2,S,0,training_mean,45.0,20.1,-24.9,out_of_fold,True
AS8_T2,T,4,training_mean,45.0,20.1,-24.9,out_of_fold,True
AS8_U0,U,3,training_mean,45.0,20.1,-24.9,out_of_fold,True
AS8_V2,V,2,training_mean,45.0,20.1,-24.9,out_of_fold,True
AS8_W0,W,1,training_mean,45.0,20.1,-24.9,out_of_fold,True
AS8_X2,X,0,training_mean,45.0,20.1,-24.9,out_of_fold,True
AS9_A0,A,3,training_mean,53.0,20.1,-32.9,out_of_fold,True
AS9_B0,B,2,training_mean,53.0,20.1,-32.9,out_of_fold,True
AS9_C0,C,1,training_mean,53.0,20.1,-32.9,out_of_fold,True
AS9_D0,D,0,training_mean,53.0,20.1,-32.9,out_of_fold,True
AS9_E1,E,4,training_mean,53.0,20.1,-32.9,out_of_fold,True
AS9_F1,F,3,training_mean,53.0,20.1,-32.9,out_of_fold,True
AS9_G2,G,2,training_mean,53.0,20.1,-32.9,out_of_fold,True
AS9_H0,H,1,training_mean,53.0,20.1,-32.9,out_of_fold,True
AS9_I1,I,0,training_mean,53.0,20.1,-32.9,out_of_fold,True
AS9_J1,J,4,training_mean,53.0,20.1,-32.9,out_of_fold,True
AS9_K1,K,3,training_mean,53.0,20.1,-32.9,out_of_fold,True
AS9_L1,L,2,training_mean,53.0,20.1,-32.9,out_of_fold,True
AS9_M0,M,1,training_mean,53.0,20.1,-32.9,out_of_fold,True
AS9_N0,N,0,training_mean,53.0,20.1,-32.9,out_of_fold,True
AS9_O1,O,4,training_mean,53.0,20.1,-32.9,out_of_fold,True
AS9_P0,P,3,training_mean,53.0,20.1,-32.9,out_of_fold,True
AS9_Q0,Q,2,training_mean,53.0,20.1,-32.9,out_of_fold,True
AS9_R0,R,1,training_mean,53.0,20.1,-32.9,out_of_fold,True
AS9_S2,S,0,training_mean,53.0,20.1,-32.9,out_of_fold,True
AS9_T2,T,4,training_mean,53.0,20.1,-32.9,out_of_fold,True
AS9_U0,U,3,training_mean,53.0,20.1,-32.9,out_of_fold,True
AS9_V2,V,2,training_mean,53.0,20.1,-32.9,out_of_fold,True
AS9_W2,W,1,training_mean,53.0,20.1,-32.9,out_of_fold,True
AS9_X0,X,0,training_mean,53.0,20.1,-32.9,out_of_fold,True
