sample_id,group,target,FL__ex340_em490,FL__ex340_em550,FL__ex340_em610,FL__ex340_em670,FL__ex340_em730,FL__ex340_em790,FL__ex380_em490,FL__ex380_em550,FL__ex380_em610,FL__ex380_em670,FL__ex380_em730,FL__ex380_em790,FL__ex420_em490,FL__ex420_em550,FL__ex420_em610,FL__ex420_em670,FL__ex420_em730,FL__ex420_em790,FL__ex460_em490,FL__ex460_em550,FL__ex460_em610,FL__ex460_em670,FL__ex460_em730,FL__ex460_em790,FL__ex500_em550,FL__ex500_em610,FL__ex500_em670,FL__ex500_em730,FL__ex500_em790,FL__ex540_em550,FL__ex540_em610,FL__ex540_em670,FL__ex540_em730,FL__ex540_em790,FL__ex580_em610,FL__ex580_em670,FL__ex580_em730,FL__ex580_em790,FL__ex620_em670,FL__ex620_em730,FL__ex620_em790,UV__K232,UV__K264,UV__K268,UV__K272
AS0_A0,A,0,11.375585511428573,21.397465115238095,6.372411886571427,12.635021591400001,19.032547542666666,1.4979544282000001,4.676871776523809,10.94944154642857,4.479278246523809,175.05661927761903,63.89804407666667,3.0505055665,0.38328785626666667,1.0589979432904761,0.811589232552381,118.9000044272381,37.64753396,2.9229387046250004,0.35725763738,1.1911022578761905,0.7102042067714287,17.021209535714288,4.476139778190476,0.4066091719875,1.9547409783809522,1.185266829757143,79.1488858465238,24.553328605238097,1.8381884024375001,2.4378447056,3.1426788852857137,203.77340534333334,62.89396267904762,4.7272690535,3.5342969576666663,66.76189813666667,20.188554400619044,1.6230380571312502,253.4569111847619,78.46473185190477,5.912069156625,1.9911,0.1953,0.1887,0.1867
AS0_B2,B,0,11.84759435247619,16.85353996666667,5.232608125285715,12.570779229,16.196686608095234,1.26403706155625,6.176629679333334,10.986284415761904,4.414385307285714,221.84201766857146,70.31446584133332,3.4005081174,0.6327136116333333,1.425767836095238,1.1249436565571427,170.96314089476186,46.57565498333334,3.5575229675625,0.4853925377066667,1.4520360288571428,0.9266553039095238,24.126565842380955,5.33287999752381,0.47644845210000003,2.1761775585714287,1.3205623342476192,81.51407463819048,22.037977445714283,1.6768475510374998,2.4905894755999998,3.567776498380952,179.89975756190475,48.14343370666666,3.59919090575,4.6194533347333335,58.97564606666666,15.534853730047619,1.18096959585625,226.5473149604762,60.91535114047618,4.52195991575,1.6871,0.0877,0.0738,0.0666
AS0_C2,C,0,13.082926476666666,18.63670321952381,5.8803246475238105,7.1893658632,14.607997916904761,1.2352591007875,7.345473720714286,13.335117248857143,5.448105380571429,191.21141225761906,61.335571544000004,3.0915584087,1.0330198719190475,2.5758949120476187,1.4870060681428572,161.74172769814285,45.475311006666665,3.6919902713124997,0.7944132645866666,2.7778105395714285,1.3664154552380954,13.163504282666665,3.6427499170000006,0.3491830937625,3.0747029441428575,1.8608185904285712,79.17161580561904,21.477725664714285,1.6903205253375,2.6905161382,3.3902806440952378,159.94462611914284,45.79087284571429,3.7351748198125,3.5179643948666666,49.968449569952384,14.142172381952381,1.22355223460625,204.5369291785714,55.88396935285715,4.4994102120625,2.7837,0.1319,0.1223,0.1153
AS0_D2,D,0,12.094996180857143,22.370573452380956,6.927188759619047,11.868120098599999,25.120853197142857,2.1162751540625,4.386125428238095,10.055099488380952,4.3460941881428585,172.5683203652381,69.68558705666666,3.5316948412999998,0.4125863938,1.1395063201714286,0.7956342242952383,112.3562031062381,39.29484830523809,3.1651621461875,0.38224636614,1.4182377882380952,0.7569008753333334,11.549859069904763,3.931636804714285,0.35296250786875,2.142706609809524,1.4156668129523808,76.82204206233332,26.05083633714286,2.007438316875,2.9132052898,3.6991210665238095,204.9309187333333,70.4032964252381,5.5281563103749995,4.117929363333333,65.54455498714285,22.70796090142857,1.89096568528125,256.3900538828571,86.84981682142859,6.8856969629375,2.2658,0.169,0.1769,0.181
AS0_E2,E,0,13.979767662380953,21.89092372809524,6.553874152,10.5038003934,17.88424233085714,1.445757407675,6.447675477952381,12.80637832042857,5.137645085714286,207.85745561238096,69.742120362,3.4414672376000004,0.6307950814761905,1.5096569174285717,1.0631783944761903,163.46538007757144,47.45444016238096,3.7146887630625,0.5092695643533333,1.5463739009047621,0.8344884032142856,16.631926081142858,4.3714295173333335,0.40730347298125,2.129270950952381,1.295159884761905,83.06306354980953,23.725748106190476,1.77518782761875,2.2314801694,3.108463207857143,184.9851616438095,52.72851035714285,4.0699496270625,3.8105735777999996,56.058226176666665,16.102783225857145,1.3138088472937501,223.57127498761906,63.47171892333332,4.8165581821875,1.9281,0.1025,0.0961,0.0942
AS0_F0,F,0,4.943261089809523,13.360900697523808,4.088422763952382,11.1080607418,23.473435357619046,1.854310184625,1.5554804433380953,5.303264436238096,2.1633310034285715,104.97060948971429,59.83961715800001,2.9084607125,0.10013494605047618,0.3748746088619047,0.33853715658571426,60.3646606327619,30.073143413809525,2.4092117398750004,0.12806763972733334,0.6491275372857142,0.40704391116190475,12.666135334,4.941512891142857,0.43625163844375,1.292524547857143,0.7612340407904762,61.05468250714286,29.55040332238095,2.225588627,2.47599082,3.4449701763809526,227.44733238285713,108.82620384523807,8.018570124812499,4.9450333277333325,81.90032586952381,37.76719638285714,2.9611435608125,288.6652755671428,136.71434493000004,10.3529310821875,1.7627,0.1295,0.1174,0.1107
AS0_G1,G,0,12.270940826476188,16.513981591904763,4.959807339190476,12.177694894,14.899941716238091,1.1803780086125002,6.839331513190477,11.831298328857143,4.845429783857142,237.12219129285717,73.50991083866666,3.5029006242999996,0.7116841177238096,1.5881485882857145,1.2304948596809522,209.29742558476192,56.1360486352381,4.2334010600625,0.5621704767333333,1.633126394952381,1.040069145838095,30.28754234333333,6.532969781238095,0.5770861264312499,2.3600971017142856,1.3354688258095238,92.79881531561904,24.59099942095238,1.81788864726875,1.898768282,2.7782290549523805,186.38725889,49.68383907238095,3.7164595274999996,3.249423472133333,58.89347112857143,15.128662472904765,1.1964205168125,227.9165981838095,58.78357968952381,4.470953106750001,1.8119,0.1225,0.1092,0.102
AS0_H2,H,0,6.991821130333333,21.478857632380954,6.633599326428571,12.0121631628,17.961451438857143,1.4441085495500001,2.276765732666667,8.566480750095238,3.5843865644285713,113.68970753014288,48.82684402466667,2.3893865704,0.12231426642000001,0.5317081156285715,0.4849388656142858,63.75754376757143,23.915978567619046,1.93247263125,0.114927019546,0.6055415116476193,0.4170882694761905,10.547588075428571,3.0400419292380954,0.27137096691875,1.5530074267142855,0.9788830421809522,61.27228620809524,22.45868959904762,1.71605384714375,2.8388570308,4.175428810666666,215.5016191447619,78.22429856809524,5.854909866750001,6.108916282533333,75.3724842995238,26.185542879047624,2.0767027064374997,275.3940493309524,98.85076995238094,7.423852920375,2.1885,0.1412,0.1323,0.1267
AS0_I0,I,0,16.08430340095238,21.75177092761905,6.616329352,16.427285194,21.480929238761906,1.69328960400625,6.451852617047618,11.017334301761904,4.625366392619047,216.29926964142857,71.180234782,3.4033225297999996,0.6580419114333333,1.472352147095238,1.1870568650761903,177.89821661428573,50.706031254285726,3.9237485379375,0.5863032062666667,1.6686681566190475,1.1268612316333333,28.880427769047618,6.589947121523811,0.5968221816999999,2.288100299380952,1.4952375945238094,93.245827789,26.33882985809525,1.9572129175000001,2.7097057342000004,3.7310690198095235,190.85113144142855,53.9680898757143,4.0474572777499995,4.834737141933334,62.49879555523809,17.138181142380954,1.29334116723125,237.69715300047616,66.44676562714285,4.95449005075,2.0377,0.1295,0.122,0.1188
AS0_J2,J,0,13.959596452380952,22.171304793333334,7.079420725761904,13.088750361399999,26.294549624285715,2.1470421924375,5.819061733428572,11.187948954000003,4.846695559380952,217.12700339666668,77.18320338,3.8335284472000004,0.832956061457143,2.011739838714286,1.236712768,153.66680391,47.35162716809524,3.7567278594375004,0.6289595961666666,2.3448843672380955,1.2312864830476191,13.641294774809523,4.179346618238095,0.38309620414375,3.2600181443809526,2.2541815326190475,81.5478264285238,24.589223362857144,1.912747912125,3.8977827073999998,4.749376546761905,195.11952782380953,59.35150237285715,4.7052226811875,4.7036912284,60.27610551904762,18.707689739238095,1.5912878066562501,237.6324962419047,72.38536562333334,5.664019376375,1.9508,0.117,0.1224,0.1259
AS0_K2,K,0,9.558007263285713,14.532669249238097,4.464445204952381,9.2438252462,18.526246025619045,1.480045199375,4.179655279476191,8.255275930666667,3.545234657428572,180.65822814476186,70.669180044,3.3954765796000004,0.502352315752381,1.2527196011428572,0.8793215496047618,136.8539981792381,46.197789964285725,3.5915524141875,0.49447508651999994,1.760037473285714,0.9628171949000001,17.677749451952383,5.376398960761906,0.46777552644375,2.3722946983809527,1.485082546904762,87.03418904890475,28.68149144285714,2.17086296525,2.6593249319999996,3.6088395686666663,199.23138441285712,66.05886186857143,4.9932679831249995,4.6485892296,63.05219350523811,20.671407427761906,1.66087353223125,246.50008346809526,81.10840860857142,6.097130372812501,1.8363,0.1765,0.1636,0.1561
AS0_L2,L,0,13.142081895333334,20.821131116666667,6.370435124380952,12.4477808,18.989020847142857,1.5230145155437502,6.126169726714285,11.955993516047618,4.838984557571429,221.93671017428574,72.16198120266668,3.4505598544000002,0.5869704342666667,1.4364745673333335,1.1534489563380952,167.0439303685714,46.889323370952376,3.6375109925625,0.4575699319466667,1.5579675833809523,0.8521427852238096,19.00987684190476,4.544922964904762,0.41464249789999996,2.2720721449047625,1.3665576264761905,80.50859687328571,22.264666738571428,1.6731983273375,2.4021759987999998,3.4302955809523805,176.58472079666666,48.70718174904762,3.7005867064375,4.212502082266668,56.634075984285715,15.492750713190476,1.3072242513062498,220.17400741714283,60.55111412809525,4.661938771625,1.7213,0.1261,0.1073,0.0992
AS0_M0,M,0,11.355836141666666,16.417015666190473,5.047488643904762,13.624837874799999,21.882870492380952,1.801595382475,5.18297816452381,9.494652339000002,3.9500173273333328,203.80100204285714,78.96784795066665,3.864848708999999,0.6026044629952382,1.3710771515238096,1.0317264568190476,159.16297408666665,53.35215495904762,4.203070983375,0.5644126574,1.8093684854285712,1.1261267576857141,25.483695347619044,7.079008999428574,0.63682472703125,2.2204505149047624,1.454448382095238,97.29174338285713,31.929094086666666,2.463894479,2.3621075154,3.236769346952381,215.38626497666667,71.3199809842857,5.4477932155625,3.9407590389333325,70.0033314947619,22.259242966190477,1.825153492375,263.01308832,85.48135012571427,6.5340230615,2.1169,0.125,0.1153,0.1101
AS0_N0,N,0,13.73164404,17.24234326571429,5.037233375285715,8.741005420999999,12.551044145809525,0.9926762691937501,8.11205434852381,13.073696817142856,5.137081759380952,222.33121822142863,67.27056477800001,3.1532019376,0.776472372709524,1.596050046904762,1.2283912670000001,203.56737764476193,53.14468247619048,3.9760034828124997,0.5402722497733332,1.4299929425238096,0.8548389417761906,23.45369021,5.2753994350000015,0.4556180201625,1.7563104402857144,1.115832584209524,88.05801766038094,22.830554916666667,1.6341134346375,1.4147910830000001,2.104002277,171.3500468871429,43.968203408571426,3.23776281625,2.3337794066,52.46594315523809,13.418106647333335,1.03259799073125,211.4013942533333,54.687892097142864,4.0054721385,1.7215,0.1073,0.098,0.0931
AS0_O0,O,0,12.832591601761905,18.986254556190477,5.500379687333333,12.1656099302,16.222088427761904,1.2688973769625,6.144054889857143,11.550753797666667,4.494783333380953,226.02442246904766,68.98898086599999,3.2784137249000005,0.5839632522523809,1.3450226727142858,0.9753416633904761,180.1740846147619,47.70881734571428,3.6276318579375,0.41347708304,1.204485246042857,0.7022843843571429,22.1496523,4.834894623095238,0.455495446925,1.6683503731428568,1.0134171190761905,79.34631025514285,20.71136765242857,1.5373902097437502,1.9606818678,2.9250872930000003,174.74162800714285,45.15675444714285,3.3558831885625,3.9461404323333342,55.11377362238096,13.990025610619048,1.12735144610625,214.9416903476191,56.1172825952381,4.1645561158749995,1.6212,0.0772,0.0645,0.059
AS0_P2,P,0,5.720097076190476,13.768169901999997,4.716902857666667,15.82859535,21.782389595714285,1.7271183617812502,2.036729227857143,6.448417095999999,3.1020917777619053,137.98464406857144,62.23870798733334,3.0600414513999996,0.2204237370904762,0.8312673568714285,0.8563066323857145,78.53789248033334,31.03297792238095,2.4803416058125,0.22002724658133335,1.1905933050285715,0.8499269457142856,18.881003198571428,5.327809731095238,0.527454972275,2.3325484934285714,1.5401465267619048,65.4933192192381,25.29390861809524,1.9070275201875,4.5465575696,5.828358809190475,213.0854206057143,81.71355964714286,6.149145171125,8.137386830666667,86.14948436666667,30.457081613333333,2.5122115463125,284.3729814790476,105.98271687904762,8.3395525805625,1.738,0.1228,0.1103,0.1039
AS0_Q1,Q,0,18.931551342857144,21.748175849047623,6.655285403809525,17.866838262,12.883205686476193,1.1532770284,10.862111295523812,16.735410053809524,7.269136224476191,233.47427895666672,55.35516942266667,3.1070506812,1.0040298871000002,1.9791918425238098,2.821570265809523,222.4839858138095,46.38578696333333,3.8177538365,0.6528668164733333,1.7084697087619047,1.3158561615714288,29.786313602380947,5.6164269220000005,0.5727029331,2.8344330107142857,2.2116550434285718,46.555583976142856,10.410990600666665,0.82613611596875,4.7645212172,6.628873552619048,111.85896764571427,23.887767701428572,1.9314936996249998,7.988227589999999,138.47361774047621,27.052756899047626,2.3757788091874996,330.80952144428574,65.51065935523809,5.3768665048125,1.5485,0.0972,0.0883,0.0846
AS0_R2,R,0,7.627291111523809,14.10344959485714,4.537557284095238,12.1717580822,23.565617651428568,1.8476710616937502,2.8035399799047616,6.823321887333334,3.0710030737619047,165.67662053047619,75.19971720400001,3.6615775108,0.35396125416190477,1.0347623058809523,0.8370670420714286,120.51061502995238,47.88737987333334,3.778594911125,0.3538789868266667,1.5614935443809526,0.9862809153047617,21.034126644761905,6.748361984904763,0.60249555295,2.2557337056666666,1.5549705709999997,84.45646951409523,32.82590184952381,2.5512470156875,3.4988886831999997,5.27126877647619,209.40534900999998,82.10095777571428,6.2610869107500005,7.958243465600001,69.76088497190474,26.255229086666667,2.161945030125,257.6841521447619,98.61495935714285,7.633997112687499,1.8359,0.1144,0.1017,0.0956
AS0_S0,S,0,7.782243342904762,17.118152072857146,5.679268541761904,26.386743164000002,33.444969267619044,2.6492027267499996,2.200384645190476,6.22731045304762,2.9201471918571436,154.3292957461905,73.68265355466669,3.6247538328000006,0.16827589593,0.5818741406571428,0.682436168195238,92.53800905185716,38.22291710238095,3.046147741375,0.20727598817200002,0.9366907420428571,0.8256628428000001,28.015556108571428,8.033572151666668,0.78715970368125,2.0100378196190474,1.342931543095238,75.86469687080952,30.834369341428573,2.3583813383125,3.8758265015999998,5.363212857952381,217.808586857619,86.54140509285715,6.57079663875,7.6654698056,91.41671698000002,33.72372159428571,2.8008914739375,296.00371552523814,115.91739327666667,8.965898781249999,1.7691,0.1395,0.1282,0.1216
AS0_T1,T,0,15.000328291428573,21.818367457619043,6.40497363204762,5.672292995399999,9.51869203904762,0.7467887252375,8.590639341857141,15.846361568571426,6.084738050285714,165.92088213209524,48.93722381600001,2.4047865270999997,0.8107092621857144,1.9308956009999998,1.229324125142857,139.9584748432381,35.784038272380954,2.7830907179375,0.59367431996,1.8396640902380956,0.9535017580857144,10.843541474761903,2.728233961952381,0.25887450575625004,2.9112122739999995,1.6972344092857141,73.96489311595239,18.49126302604762,1.4155949354625001,2.8894338131999997,3.6297484465238097,153.9070603552857,38.962720053333335,2.995737813375,3.951901753666666,46.69457674161905,12.064506780619048,1.0278336405375001,190.44807706,48.47655568714285,3.7619945108124995,2.1744,0.0463,0.0373,0.0328
AS0_U0,U,0,15.43357544857143,26.072652544285717,7.891747497428572,16.70126133,23.286450477142857,1.8673453889625,6.239217031523809,13.07161562852381,5.266888300571429,238.0578294447619,80.53842926133333,3.8395113232,0.5120045258857144,1.3806058622857142,1.1723017607285715,177.35882350761904,51.96407172809524,3.9706127643749998,0.40783626934666667,1.3805713993809523,0.9235887584095237,23.56012262714286,5.675592013666668,0.52715529873125,2.2669299329523813,1.4815424396666668,82.75056582028571,23.977969897619047,1.8277836442500002,3.7640426636,5.044659137761904,197.72416223809523,57.19733610666666,4.3417410105625,6.847839864,71.8604402152381,19.770701135523808,1.6441225483687498,262.9461971514286,74.68940807619049,5.80328835525,1.7179,0.0949,0.0849,0.0799
AS0_V1,V,0,13.691990624285713,21.093614305714286,6.5573460485714286,12.055475616799999,17.367287272142857,1.42889092129375,6.1991760165238095,11.930110067523808,4.928444578619048,186.27997739047618,62.423526764,3.1147575378,0.6510475462476191,1.5733866522380953,1.271225983161905,144.27775428080952,41.87612978571428,3.2786878644375,0.5422305832333334,1.8190899350000003,1.0925004737952382,19.44928659714286,4.8016872518571425,0.44389767386875,2.914299431285714,1.8140866472857144,80.70315474423809,22.978064218571433,1.766567312075,3.3986573220000005,4.607547862190477,180.15867151666666,51.46380233761905,3.9738019555625,5.988413683466666,59.04229327619047,16.676561288000002,1.4410704262812501,225.73967061285717,64.21661976333333,5.007120415625,2.2329,0.1839,0.1729,0.1669
AS0_W2,W,0,11.514287040380953,23.555768693333334,7.246269181142857,12.726528741600001,23.449661709047614,1.8712884634625002,4.218739509666666,10.889661857142857,4.542210283809523,166.9092558461905,72.04995193466668,3.5125125407,0.3391500534,1.051708267,0.8161893487571428,114.34866628280955,42.53956031761905,3.3432640134374996,0.3435187766933333,1.3510684626190477,0.8169639139238095,16.416956175714283,5.2577604226190475,0.46322953886874996,2.1727531012857146,1.4047105142857141,82.36084706185714,29.98372486666667,2.2843477875625,3.2641108513999995,4.238052640666668,219.47855721761906,79.13229842476191,6.0811052318125,5.497218958533334,73.0565545252381,26.185802368571434,2.174269616625,273.98631532571426,99.58490026809523,7.628005743375,1.9429,0.1648,0.1704,0.1754
AS0_X0,X,0,25.28694161952381,23.863939511428573,6.782576061666667,5.9395190238,7.740816207095236,0.644700111875,16.267309734285714,19.470537231428573,7.220967883238098,178.88939775500003,42.445419565333324,2.1221691489,2.078581458142857,3.101515122809524,1.7673739421904762,198.87243697361905,40.38636507333333,3.1485680490625,1.0204414804333335,1.9936883506666667,0.9723879893190477,12.425733179857142,2.5246425980476195,0.234917103779375,1.673983358238095,1.0442176944,59.07875520933334,11.874600931952381,0.9036512300499999,0.9344074130400001,1.3345493815714282,90.49015547642857,18.52521519442857,1.46997614958125,1.2113231062466665,24.86694785538095,5.171760842857143,0.4214060167,105.90123532947621,21.412820634761903,1.6796409039625,1.2407,0.0648,0.0613,0.0591
AS1_A1,A,2,13.38176091547619,22.75396805761905,6.815393402571428,12.806868171599998,20.014321100761908,1.5864713191625,5.8435138745238095,12.174916902714287,4.887274662666667,189.37795117190475,67.77162272066667,3.4162539245,0.4708556688999999,1.2032668080285713,0.8859494555571429,129.86514699247618,40.31600152857143,3.2005480750625,0.45223898786666666,1.4548687707619048,0.8278371180714286,17.324277015238096,4.610002756,0.41328070684375,2.212191099190476,1.4220566465714286,87.3101017602381,26.527007057142853,2.006319463125,2.3932273388,3.1367010842857144,218.2342374942857,66.63468406428572,5.114966988437501,3.0593957741333337,68.67100179380952,20.49437699980952,1.68103302270625,264.2383745314286,79.77762222285713,5.951657906187499,2.012,0.1181,0.1137,0.1128
AS1_B2,B,2,13.464048385238094,18.271771112857145,5.413088026476191,11.3323930742,15.973551227190477,1.3152861632,7.347061111809525,12.093678065666664,4.80674489352381,226.50651295857145,69.69380264133332,3.2285214902,0.7601017015619048,1.658167242904762,1.2342016327857142,178.04182121714283,47.075839087619045,3.583496503625,0.5755715042266666,1.717663957952381,1.0421922150428573,21.75100975904762,4.885090351095238,0.435419382525,2.451261429619048,1.5595944835714286,84.21202797795237,21.988452184761904,1.66494133309375,2.8887463093999997,3.7956440789047625,186.55547333476187,48.57434617809524,3.71453624975,4.497703075466666,58.3278495242857,15.110414143333333,1.2258340566875,230.2983259614286,60.00852757380952,4.6340918540625005,1.7486,0.0964,0.0823,0.0745
AS1_C2,C,2,13.722096443333333,17.908348401428572,5.530499810238096,6.9684871668,13.754633698238095,1.1753598563374998,8.405972435571428,13.878480729047618,5.530299936047619,195.22438585238095,61.264875794000005,3.1811770677999998,1.2155010444047623,2.6622380755714286,1.521879582142857,167.32420686066666,45.8916886652381,3.76504181325,0.9545205831666668,2.9739074138571433,1.4699271916666665,14.158681597380957,3.8382944720000003,0.38085645903125,3.236273663380952,2.0098224084285716,85.25205148471429,22.63521248904762,1.8133366555625001,2.7171527386,3.1013199147619046,170.8652500861905,47.68970889238095,3.939695790375,2.83013978,51.41186296680952,14.167064257380948,1.2603084109125,211.6709295457143,56.268710908571435,4.565263033,2.7218,0.152,0.1397,0.1304
AS1_D0,D,2,12.374512218095239,21.372360002857143,6.612472602238098,11.1249993322,22.62499055380952,1.8524161278375,4.603706643809524,9.968383198380954,4.185360874523809,166.93912937,64.04311396199999,3.1867192507000004,0.42596286393333327,1.1303079497857142,0.7836915112571429,108.82542394157142,36.25042397619048,2.8939336613125004,0.41846841872,1.5148116803333334,0.7825963355333333,11.451026700904762,3.7332539672380953,0.33771950379375004,2.271142726809524,1.496448034333333,78.24259410533334,25.314928327619047,1.9554895161875,3.0136842728,3.707529022619048,214.64848409047616,70.71866516809523,5.4931668641249995,3.8171094258666667,67.50159704280952,22.290826889047615,1.8482886925875,263.43860371904765,85.62506103714284,6.699258595625,2.1692,0.1572,0.1626,0.1649
AS1_E1,E,2,12.570151239476191,18.97607508095238,5.722357761238095,8.702474403,15.171017987285712,1.2543741017749999,6.682646774190475,12.682601201714286,5.040796802238096,201.36916442333336,65.72926279733333,3.2125916480999996,0.6850123249666668,1.529097403809524,1.0784315353761904,161.2524288298095,45.25797444285714,3.5203203111875,0.5525780300333334,1.658583436714286,0.8774209760523808,15.837634540714285,4.11935895395238,0.36891044116875005,2.2409009934761905,1.3982956124285717,83.96918653338095,23.2416306,1.7810813150562501,2.1441488266,2.754058429190476,188.57871015142857,52.563117709523816,4.0161176175,2.6991160549999997,56.21585877785715,15.77217151914286,1.2226136270999999,227.45383553333335,63.15270541857142,4.705802440625,1.9895,0.1053,0.0986,0.096
AS1_F2,F,2,4.532531102476191,13.418456623333332,4.141173101619048,11.150890159000001,23.40448370476191,1.8641276956250001,1.3948576790952383,5.024707328666667,2.0923032873809526,98.31614597990476,57.042271932,2.7556677819999997,0.08651571108666666,0.3373089844142857,0.32340045557619046,51.73307496023809,26.394889922380955,2.13267292075,0.12859027683000002,0.6534384687809524,0.40494429638571433,10.965649173285716,4.411969780904762,0.37033311650625,1.2673482383809525,0.7705407795761905,57.576995625809516,28.25091679904762,2.141584605125,2.3115721702,2.9588102386666666,231.96567862523813,112.60983421428571,8.268453418875,3.4866429647333335,80.98160743666668,37.859379541904765,2.8380684778125,285.1131916995238,136.23065039666668,10.05837664,1.7625,0.1281,0.1164,0.1097
AS1_G2,G,2,11.684726761285715,15.752723011904761,4.695294834333334,10.446394635199999,13.73839244347619,1.0551836826,6.96964742995238,11.864862895761904,4.7800103483809515,224.85888866333335,70.26341069466666,3.3886320114,0.7451174003285714,1.5822623116666663,1.18647503,189.68517703000003,51.088600795238094,3.8859104813125,0.58857426542,1.7309640987142854,1.0614626124523812,25.435319719047616,5.697594971857144,0.5192081462625,2.4761164416190473,1.509992940047619,89.67552693423809,23.97378830761905,1.7972264104625,2.0672363044,2.8775333904285714,189.51790618809522,50.29547264428572,3.8484511076874997,3.189577277533333,58.90126945809524,15.432047570285714,1.2348667086125,230.09329996666665,61.29579961904762,4.5038589984375,1.7855,0.0913,0.08,0.0736
AS1_H0,H,2,8.042116800095238,23.208206904285717,7.080639952666667,11.8805994028,18.941617965476194,1.5076371282625,2.6031514803333335,9.271517889809525,3.814952305428571,120.75570678633332,50.529954529333324,2.5131299496,0.15465850418571428,0.6423895358999999,0.529899981752381,68.89488833309524,25.247999690952383,2.029716655625,0.15763160846533336,0.7458827353714286,0.48808738163809523,10.21224655461905,3.0275317089523806,0.28784480877499996,1.6227007253333336,1.0365974845904762,65.09513436833333,23.13894394380953,1.7276123538125,2.6532862184000003,3.676667826571429,224.74429085571427,79.34846587333331,6.0164090398750005,4.575668477933334,76.2684587757143,26.080268632857145,2.13009166725,286.55917339285713,100.4585142652381,7.625459969125,2.0135,0.0785,0.0733,0.0699
AS1_I0,I,2,18.057914144285718,23.770015443333335,7.288913249952382,16.240844726,23.352067766190473,1.924400404125,7.304622468333333,12.11770094157143,5.018873600761904,229.87283171095237,76.09938150933334,3.761102986200001,0.7836707745619048,1.7031609218095238,1.3003081367142857,183.24202677809524,52.56885192523809,4.1451479196875,0.6967279215400001,1.9993606463809526,1.2774620965714283,26.61972636190476,6.3824756940952385,0.60267237573125,2.4934370971904762,1.6344605399999999,96.07526797480952,27.053694816666663,2.0748928859999998,2.4251609802000003,3.3565508978571423,201.81555485047616,57.289936884285716,4.4027388245,3.762982161933333,63.538577218095234,17.717320124190476,1.45719021173125,246.8803661871429,68.90751874857143,5.332262351875,2.0331,0.0942,0.0879,0.0844
AS1_J1,J,2,12.785371645571429,20.047400973333335,6.428530216238094,11.8221293428,23.323174884761904,1.9220603221,5.9883343604285715,11.35508623590476,4.858539445047618,217.308613242381,75.26388931266666,3.7209824800999995,0.8613882178285714,2.058372474904762,1.2642451183333336,157.57990010438095,47.43585668333334,3.7468352019375004,0.6838853597133332,2.5167378470952384,1.306607660809524,13.859545957333333,4.129730258714286,0.388848256325,3.4479931877142853,2.3713593141428575,84.29397026476192,24.761913344761904,1.9373089819375,4.070462179400001,4.713522434238095,201.80455026285713,60.29060145666666,4.73763112725,4.205621512666666,61.360716863142855,18.552842866761903,1.6347514950750002,243.46028537571428,71.87123053428571,5.6134173870625,1.9974,0.1384,0.1386,0.1381
AS1_K0,K,2,10.968872525000002,16.00854124380952,4.981855608142857,9.8436225894,19.98947275219048,1.61978974940625,5.310896283095238,10.03810210452381,4.263126645761905,210.2195075809524,79.96258850066666,3.9652232647000005,0.6893336645380954,1.6867472046666667,1.1407135156809523,169.02678780680958,55.5939087647619,4.40125021325,0.6261235058333333,2.2392237810476185,1.2045302051238096,19.379638353333334,5.880279972476191,0.5366441514375,2.6735076904761903,1.7863333225714286,97.19472078800001,31.320303644285723,2.3857180551250003,2.6400548458,3.4469402403809517,215.2526374947619,69.67098808380953,5.425188526375,3.5452975114000003,66.48536241619048,21.629343395238095,1.76358712098125,262.7922736571429,84.9074163847619,6.4528856429375,1.779,0.1104,0.0984,0.0915
AS1_L1,L,2,12.87276249709524,19.905672528095234,6.010211149809523,10.0093592654,17.03196829833333,1.35440088066875,6.612753073428571,12.277172270428572,4.870784305380952,213.34897103666668,67.69499384666668,3.2773779391000004,0.6606518356190476,1.5629788241428568,1.1823380617571426,160.10026832219046,43.86858131761905,3.4398676529375,0.50907830198,1.6757369837142857,0.8941440866380953,15.799869855238095,3.9127734558571423,0.36913483310624995,2.379514177761905,1.4440755559999998,79.43642634404762,21.367493356666667,1.62928930669375,2.5236273288000004,3.3723537809999997,180.89652221,48.90865153285714,3.767827272375,4.0109775862,55.311986558095235,15.168374471238094,1.2530736587,220.703104742381,59.9085599804762,4.4945813119375,1.7752,0.1387,0.1209,0.113
AS1_M0,M,2,11.785122054190476,17.311887286666668,5.2996698107619045,12.990345955999999,21.015285764999998,1.67488425235,5.448114258952381,10.11749242552381,4.149802241952382,197.34208569857142,75.21372044866668,3.6889498949,0.6624442920333334,1.5219961574761904,1.0953991810142856,156.09191826714286,51.613476344285715,4.032317385000001,0.6256148835466667,2.0169007267619046,1.1994081677619046,23.29948870428571,6.627065624571429,0.59834635071875,2.4239374568571423,1.5722593977619048,96.49044084971428,31.384874388095245,2.37106700975,2.3092150923999997,3.1681040013809523,216.69773283285716,70.77346393047618,5.367662385375,3.421156899066667,67.9680033147619,21.822747548238095,1.72572802009375,260.4707588828572,83.73073778095238,6.3571404364375,2.0971,0.12,0.1131,0.1087
AS1_N0,N,2,14.63603305857143,17.38615957857143,5.067289238809524,8.5814624786,12.731065046333335,1.04815052265,9.166982401285715,13.872648875095237,5.3156193550952375,231.06823966666667,69.08564097,3.4088999748000006,0.9455283171285715,1.8242586113333334,1.320437454,218.03872949047616,56.279049464285706,4.313968434875,0.6727848827933334,1.7338033517619047,0.9969146989904762,23.175611313809526,5.282247259571428,0.4675443302875,1.975545985380952,1.235217327190476,91.09889750214286,23.295279320476187,1.75828583165625,1.4099200726,1.9818207252857143,188.6193769609524,47.98298454333334,3.6764722020625,1.7398638646666664,52.1413217757619,13.24788341104762,0.94854961521875,209.66107041999996,53.40879912666667,4.0710891039375,1.8057,0.0882,0.0786,0.0734
AS1_O2,O,2,12.507172994190476,18.273437590476192,5.303854817428571,11.310448266399998,14.947334516714287,1.1745678894062501,6.572359358,11.789567493,4.540873629761905,221.1023109966667,66.51062851000002,3.1374515058,0.6419059776238095,1.446201267714286,1.0186632077190476,173.60216922,44.98077319952381,3.41421367975,0.45574269295333336,1.3253983031428571,0.7733175725761905,20.389152344761907,4.400815521,0.4063514219625,1.812760761857143,1.1582424896476193,78.76370793523809,20.180713517428572,1.4839740581625,1.9599584579999998,2.6680435452857147,181.22255756714287,46.32894034666667,3.5019010305624994,2.9808083216666668,54.543297128095254,13.85063630052381,1.0704736373500001,215.44789295285716,55.3769801,4.1694351658125,1.7605,0.1097,0.0963,0.0896
AS1_P1,P,2,5.925179140571429,14.428053947333334,4.885169699238095,14.221069717999999,21.84700498095238,1.7315635270812502,2.3045916444285717,7.003343491285715,3.421106985666667,145.74733657142855,65.42813033999998,3.221226883000001,0.2652047439571429,0.985776078195238,0.9758956006142857,84.71769088195238,33.05622545857143,2.6704504191875,0.256571487596,1.4408254964761906,0.9735675482666666,17.366125289000003,5.063975708714286,0.48200283944375,2.562565951142857,1.8119740429523807,69.22375531709524,26.490867115238096,2.0406535864375,4.439577341,6.155582178285714,221.4612740990476,84.00857979714287,6.4625305983125,8.279165076733332,82.85839134904762,29.979846408095234,2.4798027798125,289.00411660857145,107.96107282619047,8.32224833975,1.7805,0.1319,0.1171,0.1091
AS1_Q0,Q,2,21.607652211428572,24.93527076285714,8.141897519333336,17.306331826,12.413708936714286,1.1597853824687498,12.672461236809522,19.11715466714286,8.840546926523809,227.3691326280952,53.202787017999995,2.9992043733,1.5311232975285713,2.9490751424285713,4.655265388047619,227.58190744190475,46.62693178,3.928102567875,0.9484243750733332,2.621786140238095,1.9056498323333333,27.4674774352381,5.218235924238094,0.5618865732062499,4.312471480666666,3.3554800124761903,49.944027670523816,10.784051917714285,0.905656654375,6.914698982199999,9.454508145999998,109.86288334,23.196231887619046,1.955002598375,11.639114888733333,111.64963885904763,21.32754589142857,1.957275752075,280.0968206504762,54.27511106190477,4.730549722875001,1.7055,0.0715,0.0627,0.0592
AS1_R0,R,2,7.568776153333333,13.038060415285717,4.080500250761905,10.808400440400002,20.769278616714285,1.61317899825,3.176408302190476,6.903622490952381,3.062774953333333,159.59884315999997,70.39900716133334,3.4657697438,0.381048389847619,1.0457574696714285,0.7842429365428571,109.54066730809522,42.05732672571428,3.3073119968125,0.40133269331999993,1.6805063541904761,1.0169052056142855,19.157180831428573,6.091579675571428,0.5309479161999999,2.214434527095238,1.5148069914761904,85.31920581152382,31.712575459047613,2.458867929875,2.8869863988000004,3.849775972857144,215.48362641,81.4249592747619,6.2975229328125,4.802399476466667,72.7192415457143,26.707092920952373,2.1442367360375,274.3326949190476,102.01677811809525,7.661134809937501,1.9161,0.126,0.1138,0.107
AS1_S1,S,2,8.762078534857142,17.880267961428572,5.930835292380952,24.079818344,31.99338013714286,2.5376783386875,2.7729470331904755,7.127234958285713,3.308507079190476,174.51428549,77.97764155133335,3.78329072,0.24142776216190476,0.7606434822047619,0.8704951022999998,112.0441747847619,43.32709603142857,3.3833912386875,0.275450935972,1.2475213549523807,1.0149827571047618,29.32531411333333,8.128713312142857,0.7653942536875,2.318460714285714,1.5839534714285715,84.74908233638095,32.303904896666666,2.444999910875,3.9268870354,5.313915570571428,238.27769706666666,89.98633284666668,6.833757087375001,6.9850042974666655,91.66126632761905,32.553340321904756,2.59009163075,309.0592407971429,114.28308469190476,8.638455629374999,1.6667,0.0744,0.0642,0.0587
AS1_T0,T,2,17.762710344761903,24.499433835714285,7.144795168238096,6.224631023400001,10.522753602380952,0.9278794433374999,10.381546565476189,18.134140196666664,6.898335343333331,182.79252378999996,52.68965377866667,2.6848964214,1.0469905847,2.3207297325238097,1.4591223853333333,161.0463353306667,40.21166883190476,3.1669637039375,0.7313984046333334,2.2244857379523815,1.1186779198666668,12.150918699238096,3.0037176665714287,0.28048033919375004,3.1608855497619044,1.916654007761905,79.43218046390476,19.584773291,1.5205072611312498,2.8274560450000004,3.2443238666190477,165.34474036404762,41.177264894761905,3.1728315501875004,3.1178064187333328,47.96901364604762,12.273012524238098,1.05025480319375,197.78084655333328,48.95635922761905,3.7869604230625002,2.2293,0.1291,0.12,0.1158
AS1_U2,U,2,13.911885716190474,24.357881000952382,7.284949529619046,14.273396682000001,20.955616042285715,1.67408496139375,5.746374186761905,12.320309502142855,4.840086755285714,213.66060152666665,71.78410237799999,3.4990569353999996,0.4524681866190476,1.2593424093571428,1.004960454647619,148.04576333290478,43.37532252333333,3.347384810375,0.37213658740000005,1.3740866467619046,0.855937472404762,18.583769571904764,4.52519605847619,0.40868282691875,2.187299870333333,1.4308636586190477,77.48847589028571,22.34071994904762,1.7021554112000001,3.3173273564,4.178744361476192,204.26594415904765,58.599982851904755,4.4540560991875005,4.876417986466666,66.49733343809524,18.740494366190475,1.50659741456875,249.18406259333335,71.05353509761906,5.431091457500001,1.6769,0.1116,0.0991,0.0933
AS1_V2,V,2,15.230276425714285,21.886328014761904,6.750625019761904,11.6579351428,17.624172165333334,1.45639358838125,7.2470962432380945,12.736815634142856,5.201586518857142,195.8097641266667,64.23335469533333,3.2832504986999993,0.7801522725904761,1.7460867109999998,1.3689059019285714,154.08047345238091,43.957091376190476,3.5135395825,0.68027381696,2.1146403380476193,1.2243312170809524,18.74434298523809,4.703449186857142,0.44939207844375006,3.1337798891428577,1.9281314610952376,86.39657224619047,24.042806762380955,1.8754438758749998,3.2600538252,3.9248167788095234,192.0426537638095,54.16464742,4.253389373375,4.151573419599999,58.53668812761905,16.44836452938095,1.3510405607062501,227.9232069580952,63.16120193142857,4.95199689275,2.2528,0.1258,0.1169,0.1126
AS1_W2,W,2,9.518388907047619,19.72320951714286,6.018875519380951,10.1633116718,18.871161868523807,1.540262184975,3.712570667238096,9.619855404190476,3.9509982836666673,140.33095783342856,60.03839035066667,2.9759250639999997,0.28758880993333336,0.8698714999952383,0.6489666955999999,88.89379478400001,33.00316887809524,2.6391005069375,0.32767842412000003,1.281706123095238,0.7399277403238096,12.899629319809524,4.240124174523809,0.387796888125,2.1937881538095234,1.4210081214285712,77.10869523247618,27.912632352380953,2.127861678625,3.1635309696,3.7598008769047615,224.81252979238096,80.56346529761906,6.1586684135,3.932619587666667,72.32247289285715,25.941019693809523,2.039622031125,273.7095717442857,98.59633907952382,7.4719651638125,1.8916,0.1355,0.1351,0.1353
AS1_X0,X,2,27.44518461761905,24.652367818571435,7.051728158,6.3950859068,8.171383108714286,0.71195751991875,18.05308124,20.59229355714286,7.67062405195238,192.96910422238093,45.367052968,2.2915281176,2.4316782042380956,3.4063440277142867,1.9590218294285713,225.78026835333333,45.61291812714286,3.5725621058124997,1.21331571736,2.2646313167619048,1.1231240601809525,14.035129205952384,2.8405827113809528,0.26783967110624995,1.8111769528095238,1.1801570937476191,63.874364596857134,12.694508688857143,0.9638466313625,0.98483541016,1.296173901809524,95.23624236038096,19.500858624952382,1.56152097138125,1.1345664938866669,25.528063342809528,5.24934618804762,0.4721105303625,109.22882599999998,21.838000070952386,1.70321174343125,2.0408,0.0889,0.0826,0.0782
AS2_A2,A,4,12.41400201042857,21.983255523333334,6.688425245857143,11.588196945000002,18.456133661523808,1.45766895631875,5.639714842523809,12.191258521666665,4.896249430476191,185.77516365285715,64.81578674400001,3.129251051,0.49931456219523807,1.292745056714286,0.9496307912666667,133.58898253519047,40.30474054238095,3.159022495125,0.46927912334666666,1.504588728904762,0.8564056072714286,15.83626874238095,4.258195065333333,0.38004928546875005,2.223282405238095,1.4467968656666668,84.87553801157144,25.09611166142857,1.9404486864375001,2.5456984042,3.1927631468095234,219.86181667761906,65.48690505285714,4.97489994775,3.166949749,66.45004721285714,19.640640894190476,1.577240653425,261.93340274428573,77.38593982619048,5.778277799374999,2.0497,0.1164,0.1136,0.113
AS2_B0,B,4,13.684163683333335,19.46997156523809,5.937560376619048,11.9502737048,17.139079343619045,1.33325453481875,7.799578122000001,13.202087583,5.232560816238096,242.37590821714284,74.90566711400001,3.6403446198000005,0.9062675237476189,1.9624295859047616,1.4610759245714287,204.83099002380953,54.66436368000001,4.1983748524374995,0.65038328564,2.003368939761905,1.2431430474904759,22.91718746285714,5.269162847857142,0.45804707705625003,2.6689685526666667,1.6827557314285713,88.29886854080954,23.260226295238095,1.7590747586875,2.8746304512000003,3.542921111666666,188.647289,50.02579471095238,3.7787419110000005,3.827559105466667,57.04073619857143,14.971154235809525,1.16063969581875,227.6302660147619,59.814512253333326,4.530384078625,1.8126,0.1071,0.0933,0.0854
AS2_C1,C,4,14.735170092857144,19.91358634428571,6.046894414190477,7.5736242288,14.252748443761902,1.1807346381125,9.108589603619048,15.168665839999997,6.034957772238095,202.14862550380954,62.318855286,3.1296261549000004,1.394417430595238,3.0309431213333333,1.7166219836190473,184.20911035180953,49.44510641476191,3.9547534436250005,1.01794579824,3.198468957761905,1.5702956743333334,14.979131903761905,3.9854306720476194,0.370483065025,3.2749620051904755,2.039379233380952,87.10914318780954,22.65119307333333,1.78055146709375,2.6432435036,3.0304478576190474,173.58115528714288,47.459860302857145,3.860584601625,2.6130628268,50.66702693138096,13.892028172238096,1.21851622693125,208.78789284285713,54.56061009,4.2910550981875,2.7637,0.1589,0.1476,0.1373
AS2_D2,D,4,13.441663923333332,22.24470815190476,6.8028350559523805,11.5722383506,23.11388946619048,1.829539906325,5.266331831666666,10.917225361571429,4.567934535761905,183.00095545,67.69013875333334,3.4034155608,0.5323648310761906,1.3244854551904763,0.9154439000857143,127.95727305414286,41.21074958142857,3.27308815725,0.5108677923666667,1.7575562739047623,0.9234877796428571,13.03052629761905,4.114505183142858,0.35966958199375,2.463657856047619,1.635142837238095,84.97412793090476,26.702554975238098,2.054777734125,3.0938512802,3.687316281380952,224.0724421776191,71.32048924857142,5.557568878125,3.6502184868666663,68.13754317852379,21.852696872333336,1.893706522875,271.5446355880953,84.92574365142858,6.5271443578125,2.1842,0.1683,0.1706,0.1705
AS2_E0,E,4,15.549545877619048,22.011297815714286,6.573731785428571,9.956195068,16.92294613557143,1.368542812875,8.01937418895238,14.21154049428571,5.644520509904762,225.70114158238093,70.632577514,3.4609990596,0.8613840624761904,1.84948895652381,1.2613073814285714,188.07422720142856,50.8030647095238,3.9529529512500003,0.6740568339933333,1.9371899252380953,1.0135888003999998,17.43788834909524,4.422555230857144,0.3969099754625,2.4089985121428574,1.5167235250476188,91.32782388609523,24.152132305714286,1.8238943220625,2.2152353764,2.8092651594761904,200.81502796,53.9468737104762,4.1749662309375,2.694894472733333,58.46113296285714,15.847358771571429,1.223110713175,238.28031177904762,63.188889366190494,4.8494628966875,1.9304,0.098,0.092,0.0897
AS2_F2,F,4,4.557910748809524,12.066267013428572,3.7511357580952382,9.304508782000001,20.578431357238095,1.64614230776875,1.5773066622380951,5.2577539512380955,2.2163930621904764,103.18051990090477,56.48866551666666,2.8066313506,0.10105143177047618,0.3720630520904762,0.3355280835,56.37306210452381,26.895436240952378,2.1983002647500003,0.13353177680866668,0.7649240522142856,0.4606442905619048,11.14389253704762,4.439646970761904,0.38519635424375,1.4265709660476191,0.8935055817952382,62.02363699780953,28.86744476523809,2.1984055339374997,2.3749528886,2.931456758904762,248.59290895476187,113.3969633938095,8.38527312875,3.3116555531333334,82.83782250666667,37.354295003333334,2.9277230426875,298.02238773571435,136.84804480190476,10.114020377437498,1.7918,0.1297,0.1169,0.1092
AS2_G0,G,4,10.99422536552381,14.709824517000001,4.40364914852381,8.393663882599999,12.441470644619049,1.04977251594375,7.157483736714288,11.813431104619047,4.759863001952381,218.08488659666662,67.58324534066666,3.2878406047000004,0.8102171648190476,1.7038747867619046,1.2112518945952382,182.53758657666665,48.66106950714286,3.7886144965625004,0.63162850936,1.9027297383333335,1.0993035464142857,21.20764559857143,4.944220792666667,0.43775356746875005,2.6801747821904756,1.659301990571429,89.36243586371427,23.459993044285717,1.8431258350625002,2.4258996962000006,3.2685147126190475,190.93993022857148,50.53090458761905,3.8776412605624997,3.5023212751333337,57.19228585714285,15.118751344095235,1.2534988634187498,228.2208616190476,59.888813200000016,4.6179127098125,1.9578,0.1005,0.0895,0.0829
AS2_H1,H,4,7.894983700523809,23.16903086857143,7.209335055047619,11.306254579,19.362614950380955,1.6202883757187498,2.6585190920952377,9.46208093347619,4.011948324333334,125.52744501566667,52.708524832,2.6419203518999996,0.14822851191904762,0.6833210388857143,0.5881969275952381,75.05041795119048,27.49595224428571,2.2429867386874998,0.15300848137066667,0.8118592018238098,0.5172049218714284,10.051179454714287,3.054365084238095,0.28954919428125,1.6719508454761907,1.1609863751190477,67.07109780880951,23.98109626761905,1.87090703485,2.4602894307999996,3.487577256666667,228.87429210142858,82.10719789952381,6.304843574874999,3.983153136466667,75.08935329142858,26.08984670142857,2.129088077725,284.88040306476194,100.33604958714284,7.5889604989374995,2.0732,0.0839,0.0776,0.0734
AS2_I2,I,4,17.544762475238095,23.334982327142853,6.979046821523809,14.1443246848,20.880939302190477,1.7163200937874998,7.875036489095237,12.971132959380952,5.179739407095239,221.1136243390476,71.61617406199998,3.5083236932,0.886297092547619,1.8766817138095238,1.3668544406666665,187.4850964257143,52.69080216523809,4.1580729484375,0.8068506181533333,2.3151777755238094,1.390948465952381,25.444023131428565,6.18239633252381,0.5437211990374999,2.703226747904762,1.7929598434285718,99.17833373904763,27.249308949999993,2.0693107619999997,2.5095756054000002,3.220651546952381,201.0064245,56.47410556190477,4.350026235,3.3663938681333336,59.99102028857142,16.410309474190473,1.3802594133125,236.73297292142863,64.81702504666666,5.0227007864375,2.1265,0.1077,0.1036,0.1013
AS2_J1,J,4,14.531378700476193,22.09236817047619,6.9564247356666655,12.5335317628,25.19902233904762,2.0629659294375,6.708549317857143,12.293328557095238,5.130171730380953,230.60840616952382,78.427909088,3.9811744211999995,0.9937887531761905,2.3422469922380955,1.3711113304761906,174.8591244577619,51.571688788095244,4.1191563605,0.80647614392,2.8303279535238097,1.3812008357619048,14.885887111761901,4.389779715333333,0.40298683940625,3.7159495694761904,2.462504772904762,88.10662011514285,25.495401518095235,1.953370064625,4.220890379,4.702483018190476,210.78571514428572,61.4811817352381,4.9196528195,4.088608264933334,61.22609310857144,18.405797912619043,1.59393029659375,244.61881347238094,71.22764187904761,5.493800491375,1.9469,0.1386,0.1373,0.1354
AS2_K0,K,4,9.794442472142858,13.104681832380953,4.009036325285714,7.5230138788000005,14.935916696666668,1.1965761669437502,5.476224740142857,9.308723063857142,3.7997584569047613,181.89374751238097,65.60952046666667,3.2443397283000004,0.6873782206428571,1.5321851856190474,0.9828425021047619,146.53923698285712,45.6210108247619,3.5865767300000004,0.6641323297466667,2.19489747,1.1223893194428571,17.207617078714286,5.088813089238094,0.4479425484375,2.601316701904762,1.7112428006190477,93.90310133219047,28.608632360476193,2.1672861055,2.4803503036000003,3.126083442190476,221.54465015904756,68.05521311095238,5.24396629625,3.047202523533333,64.033496761,19.86304355752381,1.5944969244812501,252.6499684604762,77.70806848428572,6.10183401375,1.8574,0.1146,0.1044,0.0982
AS2_L1,L,4,14.468225932857143,21.778437114285712,6.486708822714286,10.4513809208,17.380000931857143,1.339664872825,7.709230923142857,13.971835409428571,5.51169790547619,226.50844651190476,69.76882069799998,3.3798502207999994,0.850401180152381,1.9934551487619045,1.4367277565238095,183.84756346761904,49.07583627238095,3.8209740519375,0.66476340392,2.1013304222380955,1.0608503676666667,17.0548102052381,4.161893106714285,0.37469725310625,2.662642751238095,1.6367152305714288,84.3506107305238,22.25328340952381,1.7032619788375,2.5637179852,3.2058514187142864,187.6963192642857,49.793760027619044,3.7978739141875,3.4610922971999996,54.598294166666676,14.549486500095238,1.16765012403125,220.91059811428573,58.07585925190477,4.464420244,1.7448,0.1084,0.0914,0.0841
AS2_M0,M,4,11.109036717619047,16.271327700476192,5.004165229380952,11.768803595200001,19.792930694904765,1.5165433510875,5.585918244904763,10.05437503552381,4.186190400761905,198.8196908414286,75.27565511133331,3.722661686000001,0.6630607715333333,1.5314850181904762,1.0952745335809524,156.91799121904762,51.37851188238095,4.031823873437499,0.6548735419800001,2.035565427380953,1.2077645774142856,21.927650043333333,6.38590149647619,0.5458992142125001,2.353784300095238,1.6279410123333333,97.250755514,31.03285457952382,2.34405718,2.3927968978000003,3.220092784666667,217.69099644095235,70.23922293476191,5.389621555625,3.427252705866666,67.64623605809524,21.73583166904762,1.7951042652312499,262.6933218533334,83.57664326761905,6.3218278434999995,2.1393,0.1212,0.1159,0.1125
AS2_N2,N,4,14.87573746238095,17.217496691904763,5.014814274666667,8.170209312599999,11.99697873752381,0.9124992136000001,10.049220131809523,14.661982355714285,5.611054352333333,235.54505715666667,67.98514277199999,3.3056898117999998,1.0836040775238094,1.9592255524285718,1.3880325272857144,223.15359705904763,55.26538767142858,4.22435899075,0.77620315948,2.004325072,1.1148832071761905,24.008695874285714,5.385310876999999,0.4772283509375,2.2814303240000005,1.450210435095238,97.75382232999999,24.017284348095238,1.79107946906875,1.5913560154000002,2.1360604932380958,191.99081656571428,47.01021494238095,3.5719707831875,1.7697986762,53.580557141476184,13.204260734904762,0.9922149403937499,218.42164529333337,54.05245463047619,4.0649540424375,1.7538,0.0799,0.0709,0.0658
AS2_O1,O,4,12.87851892104762,17.96345488238095,5.317201728000001,10.347319602999999,14.307471979761901,1.13870947069375,7.110970883238095,12.253269786238096,4.809826215047619,227.8265654252381,66.24433975000001,3.110389328,0.7095024032571429,1.5527747473333333,1.0581152922047619,181.32267148285715,45.76477323238095,3.503626272,0.4990233868533333,1.4448336080000002,0.8287899352095238,20.00758175619048,4.317289119666667,0.401235367175,1.880537118285714,1.2329847926190476,81.00284269914285,20.227017403428572,1.49570126086875,2.0515469074,2.7319576399999996,185.34431257380953,46.22768465714285,3.4793179481875,3.1144847076,55.320052007619054,13.60793665452381,1.1020414009375,221.80677077619046,55.07500775714285,4.0555569231875,1.7694,0.0916,0.0788,0.0727
AS2_P0,P,4,8.179194518285714,14.933753285714285,5.131566036380953,14.112296678000002,22.001940455238092,1.8018925339375,3.4380816844285715,8.098491237333333,3.8337781883333344,168.35252710904763,70.80373484200001,3.540217018200001,0.39655771497619047,1.2251376851238096,1.1475802376000002,104.58886055576191,38.606870015714286,3.1319485679375,0.45173020164,1.9721282210000002,1.3003496613190477,21.989171890476193,6.310800416190475,0.5829546079,3.3395358608571426,2.2902576525714284,91.52193952500001,32.81504476619047,2.5605458841874995,4.4169641496,5.764445668285714,241.78303927714288,86.70152065095238,6.6749215719375,7.304404989266668,85.64935810761905,29.543843133333333,2.448017567375,305.6000989390476,107.75209917428572,8.2083540256875,1.78,0.1303,0.1156,0.1075
AS2_Q1,Q,4,22.04752122714286,23.80889116,7.700164590380953,15.681208990000002,10.877188864238096,0.98192469410625,14.146280924952382,19.757228125714285,9.089543093190477,219.17390196428573,50.42624079333333,2.7694007396,1.8591730423809523,3.2550717989523807,4.871919779428572,222.38605880761904,44.635092144761906,3.666917368625,1.2027004222266666,3.087466943904762,2.105871251571428,29.551633470952382,5.4588231357619055,0.5745180938375001,4.848330157142858,3.5151053382857147,55.41808904742858,11.573183718761905,0.94621530916875,5.9104240418,7.982955523904762,112.95998101714287,23.279921304285715,1.9188500569375,9.903998788133332,100.93761089333334,19.12576861571429,1.6975426936187499,264.24936840523804,50.4289810547619,4.228214368125,1.7126,0.0958,0.0876,0.084
AS2_R2,R,4,7.845404942857142,13.18297799442857,4.157933371428571,10.0724960342,20.30539726057143,1.63368364421875,3.5211949006190473,7.460059915285714,3.320548296047619,168.79612205380948,72.85745112266666,3.5318814754,0.43836682184285714,1.166447593995238,0.8762658238095239,120.40438584138094,45.16610890476191,3.587742798,0.46933149397333324,1.8561550152380952,1.1256370318238096,18.99958388,6.135192995904761,0.5324957128375001,2.2686596370476186,1.5758498849523808,89.15742817909525,32.493528183809524,2.4882543385625,2.7412308214,3.7232435318095245,221.87421553809523,82.48532594380951,6.3482758102500005,4.431581703866667,71.8382180552381,26.123612857619044,2.0964212156125,275.0790759495238,99.76495852761907,7.660163760062501,1.9073,0.1243,0.1143,0.109
AS2_S0,S,4,9.188374314904761,17.316635040952384,5.741230169952382,21.745602033999997,31.083242688571424,2.4940850510625,3.0345249516190473,7.263034162047622,3.396089497142857,169.60909557095238,77.65717264799999,3.846664095,0.26950999597619046,0.7872816125571428,0.8664565909,107.10450085752382,42.49641890619047,3.4146639779375,0.37615613242,1.4566498882380952,1.1750834073095238,29.67366777238095,8.631824516761904,0.81039063254375,2.7025942688571427,1.8991426853809525,94.85659226642858,37.01891436,2.819131501,3.6348388194,4.958768549428571,237.44541378095238,91.53120858285715,6.999542206375,6.1364993413999995,86.94236301333333,31.810274714285715,2.5984070748125,298.45152009333333,113.66628464476187,8.636229962375001,1.7138,0.0916,0.0806,0.0744
AS2_T2,T,4,20.486693653333333,27.324494134285715,7.762257099047618,6.7969437597999995,10.972634224285716,0.8997159786312501,12.062581153857144,20.22507099904762,7.4887282505714285,193.77150661809523,54.22617314733332,2.7231572867000002,1.345392022852381,2.8244287399999997,1.6849387883809523,186.960876642619,45.28315934761904,3.5543295890624997,0.9114146212800001,2.595678567904762,1.2820326145619045,13.351384061047622,3.2372504074761896,0.29586058295624995,3.238683132761904,1.996262805809524,84.93730663704761,20.101007143,1.5844200997812499,2.6579635143999996,3.0813441957619054,169.9365421893333,41.12811896857143,3.1933821662499997,2.7798037687333332,46.910973594714285,11.68645404652381,1.00197615470625,196.02260221619048,46.99646532,3.5479640811874997,2.2832,0.1453,0.1379,0.1338
AS2_U1,U,4,14.15375904761905,21.421273187142855,6.463736375190476,12.4990743656,19.009768167238093,1.5639119930874998,6.656185785904762,12.602718035190476,5.019379297904761,221.57875143428572,73.84442189466668,3.6363017083000004,0.5588074497,1.3360880499523808,1.0668716146428572,156.4212382125714,45.415877750476184,3.5865439475,0.5060998430133333,1.6353381418095236,1.0101642694047621,20.84406789095238,5.134295917666666,0.5059079155375,2.545308442380952,1.705385139952381,91.90535295885716,26.158885410952383,2.02658362675,3.2055531026000006,4.004716736904762,210.0813216357143,59.70095970571428,4.5920486599375,4.348311758066666,67.68203226904762,18.942033632047618,1.556448515525,257.4249640828572,72.44009708190477,5.49792549,1.6777,0.1114,0.0983,0.0921
AS2_V0,V,4,14.715389569047618,20.67697952047619,6.38146475395238,10.0129263882,15.637537796952383,1.248833604125,7.251041866333333,12.647677602142856,4.970550559857143,180.0328588466667,57.49019978866666,2.8903235913,0.7700867312619046,1.6877421480952381,1.2583696076285715,141.38161195119048,38.874764851904764,3.119203426,0.6437553167666666,2.0390279691428574,1.1434122776714286,16.362934294761903,4.109679852142858,0.3875040514375,2.960608834333333,1.859308134952381,83.20880118361904,22.45370646761905,1.7728836834625001,3.0641432764,3.7068454991904765,197.34738722714286,53.76145244809523,4.1795086860624995,3.6570725758666662,56.940544128571425,15.615328040714283,1.391557626375,222.00829042809528,60.021028065238085,4.599596962250001,2.251,0.1339,0.1263,0.1221
AS2_W0,W,4,9.440088862904762,19.411189260952384,5.787401925952382,9.6142263414,17.87386576352381,1.4646150208875,3.7068673428095233,9.64659867957143,3.8783387456666665,136.37287035590472,56.994561005333324,2.7838764429999996,0.2890812889428571,0.8893093750476191,0.6619353237666666,86.68048683809525,31.56740370285714,2.5283901915,0.3196829140106666,1.321419590857143,0.7312173843428572,12.348892166380953,4.019606192809524,0.36524569056875,2.1860694543809522,1.365124447047619,76.2949007367619,26.931712606190477,2.0326351746875,3.1290384294000004,3.626956281190477,228.8945000152381,80.3563016242857,6.094007015375,3.651246706666667,72.10303783523807,25.664893512857144,2.05111898476875,274.8342221633333,97.5382561404762,7.315706581125,1.8675,0.1254,0.1266,0.1276
AS2_X2,X,4,25.34893244714286,21.36869494,6.082025823190476,5.3265598298,6.8089392411428555,0.59039103238125,19.334032603333334,20.639872868571427,7.591196173904763,183.4518666977143,42.563568368666665,2.1432422518000003,2.5762395007142853,3.408920742238095,1.9184972501904762,211.1748481922857,42.168266296666665,3.3244608268125,1.3438270051866668,2.3326802593809517,1.148418662061905,13.954527866238095,2.73194560552381,0.273421737375,1.9372301101428573,1.277687385047619,66.47927286214286,13.069904531333334,1.00773823265,1.05983210806,1.363286018333333,96.70645649428572,19.67677157195238,1.6093658432625,1.0668512821266667,25.790856009285715,5.257656914857143,0.46967784315625,110.15838278285715,21.876654943190477,1.6448175571937498,2.1652,0.078,0.0714,0.0663
AS3_A0,A,7,12.605010349904763,22.17877519714286,6.630327905619048,10.759342480399999,17.539949280666665,1.45666079965,5.770464692714286,12.357970463761903,4.896802107428572,173.7029021733333,60.15772298266667,3.0112386464,0.4819482224285714,1.2645800056190477,0.8843936806619046,121.88118523680953,36.61320059619048,2.9224315806875,0.4678681224666667,1.546442639238095,0.8449790619666666,14.215072312761905,3.8820041985714293,0.35034920555000004,2.246626774428571,1.4248901831904763,82.798239936,24.265094575714283,1.8887327164999999,2.5591170311999996,3.039711339142857,226.26523780809524,66.9650300342857,5.1787677405000005,2.8991629759999995,63.77305715999999,18.91483538542857,1.55026805024375,249.81504131333332,74.21378435285716,5.7122980805625,2.0365,0.1118,0.1111,0.1115
AS3_B0,B,7,15.02669093714286,19.72192501047619,5.919082573619048,10.9963314068,16.040156000904762,1.3033579922687502,8.996279716380952,14.080391475142855,5.475692817190477,243.91168753666665,71.76434885733333,3.5277810095999995,1.0722564175761904,2.1562381982857146,1.5026486032380952,207.20025494619048,53.13307444190476,4.056860372437501,0.7957817813066667,2.265773529095238,1.2904492843714286,22.265601474761905,5.026249249761905,0.43690827208750005,2.949976705333333,1.8831152008095235,90.78373030499999,22.92603556285714,1.70292840524375,2.9773104668,3.5130807558095234,196.68630500142856,50.009000959999995,3.832757309,3.346668418266667,57.58267461380952,14.595589182857141,1.1954829469,229.91207903047615,57.99891635333334,4.471995666562501,1.7933,0.1119,0.1014,0.094
AS3_C2,C,7,14.748620079047617,19.458110490476194,5.9522059985714275,7.3076087962,13.385505176,1.1677011810437499,9.925862721095239,16.123028664285716,6.387804735285714,207.00011621333337,62.81416600466666,3.1379463433,1.5239656198571432,3.2453040963333333,1.8227344921904762,193.97063019457144,51.24767303380953,4.1536183059375,1.0758796452933335,3.3290262449523813,1.6633502585714288,15.834252470952379,4.170761176476191,0.40564123074375,3.2407343840952376,2.116059042190476,90.0881698468095,23.144552503333337,1.8344493061875,2.719341469,3.126671314190476,176.21299839333332,47.77104350428572,3.9329645484375,2.6717073917333334,51.444765090714284,13.780348732238096,1.2259195447,212.81706887571428,54.64403715571428,4.41872935,2.7045,0.1531,0.1455,0.1369
AS3_D1,D,7,12.487727799523809,21.37990810809524,6.666445573095237,10.897587775600002,22.21021407047619,1.8219740911875,5.253675699142857,11.101242973809523,4.6715368998095235,180.6658237104762,68.34484456333334,3.4311646223,0.5552401954333333,1.3792975572857142,0.9594553283761906,129.3666534894762,42.33621188619048,3.40429403625,0.5235772848066667,1.889607525952381,0.9825581823714289,13.517216500952381,4.346535466952382,0.39636040292499997,2.6064785889523807,1.743122958,86.84362291423808,27.63160001666667,2.1475686281875,3.0515013217999996,3.7672642981428575,222.89736511333334,72.40487580000001,5.676470920437501,3.4859234811333337,66.42705195619048,21.795978774285715,1.81070327389375,263.9217218638095,84.17335238333332,6.4419265839375,2.1959,0.168,0.1724,0.1724
AS3_E0,E,7,14.491016160476192,20.93267300047619,6.206848700904762,8.6778632174,15.053276629619047,1.221321400275,7.856004056523809,13.976202511380952,5.425575029238095,206.9739229542857,64.18308588733333,3.1479999781,0.857650614895238,1.8056975319047617,1.173969118457143,170.8849095077619,45.746225539047614,3.56370929625,0.6883877416466666,1.931416221952381,0.9794910039142855,15.76474350947619,4.045806657666667,0.3612681357125,2.4011640775238097,1.5559766235714283,88.63349679619049,23.179265657142857,1.77401433889375,2.2260680678,2.760879175904763,200.83352784666667,53.59970882999999,4.1606543659375,2.562951962,56.78811831995239,15.328199432523807,1.2866874895125,232.31715556571427,61.0650446757143,4.6886191219375,2.0557,0.1305,0.1264,0.1232
AS3_F2,F,7,4.7121548085238105,12.89153880190476,4.040251924857143,9.588358880000001,22.42854399952381,1.7942418939625,1.6224381526,5.535752455380953,2.3531366246666665,105.86387139019045,59.68033396399999,2.9816161634,0.11205085420428572,0.41462852274285716,0.3704756398857142,59.98349982252381,29.53302805809524,2.4288844689375,0.16404206131666665,0.8667622889761905,0.49690241188571443,11.08420871552381,4.637976816714286,0.4041546089625,1.5285754373333331,0.9969309767333334,63.17400031261906,30.152638799523814,2.3115942404375,2.4334530356000004,3.083573511619047,243.86410223142857,114.76166062190478,8.708711266375001,3.4316237291999996,81.0366774057143,37.931940896190476,3.0056583731875,296.62950997285714,138.97016180476191,10.4824733738125,1.8114,0.1291,0.1155,0.1071
AS3_G0,G,7,12.511767840476193,15.477630478571431,4.573297001047619,8.296358203999999,12.276075908714285,0.9610890541499999,8.669938337285714,13.23453671538095,5.208692028476189,229.9142081895238,68.25881602066667,3.3152332544000003,1.0282438170904762,1.9946811141904763,1.3734499329047618,207.02495833666666,53.146513892380945,4.0869053900625,0.7953945200133332,2.2679277828571434,1.266558576042857,23.338016873333334,5.288955665857142,0.46653236261875,3.092188789714286,1.8746717885714292,97.3051064352381,24.598089035714285,1.8651708811875003,2.5350268363999997,3.1903925169047618,197.53929188190475,50.31982830619048,3.84921938175,2.9627050718666665,57.22886711761904,14.490816887285714,1.156123660525,230.90435690857143,58.86209260761906,4.4292028695,1.8884,0.0871,0.0782,0.0722
AS3_H1,H,7,8.005603381904761,21.687368257142857,6.442346708952381,9.3068056098,16.29777106780952,1.2786086722124999,2.9126167751428573,9.452704951857143,3.80311654852381,117.80728291733335,46.96076914533333,2.3095559119,0.17401690496666666,0.698524597157143,0.5561272090285715,73.07608804266667,25.477482931904763,2.0775367691874997,0.18243888268,0.8519682316523811,0.5051821115428572,8.976812181666666,2.7499821810476193,0.24698384105,1.826167481190476,1.1809886580095237,69.19788331242856,23.466987790952377,1.8615478800625,2.5592908384,3.397358111,236.93465596476193,80.3270888552381,6.1663485466875,3.744032382866666,73.12960339619048,24.508668490952385,1.9887266644000001,281.5328055842857,94.24494897380953,7.2128636831875,2.1343,0.1211,0.1172,0.1125
AS3_I1,I,7,18.870883577619047,23.524691672380953,7.078946181761906,13.7594179144,20.420484678904764,1.65279222285,8.419462203714286,12.95948596204762,5.32015512095238,226.59703904238094,70.47843882200002,3.4360059025,0.9282427968952383,1.8077347278095235,1.2952116217619047,185.48078492,49.95498357571428,3.9238404033750003,0.80766974888,2.1996839330952387,1.316394891047619,23.818251382380954,5.682717221190476,0.5193726141125,2.7066608951428575,1.803566041380952,99.84818249657143,26.305010023809523,2.0043363124375,2.5950838565999996,3.3108348959999994,210.79870459523812,56.592600958571424,4.407009631499999,3.350682957933333,62.42567421142857,16.517584483190475,1.28338306394375,243.73080979523806,64.44322549761905,4.9046168923125,2.029,0.1033,0.1005,0.0983
AS3_J0,J,7,13.530399232857143,19.106565884285715,6.0646657489999996,10.849173832,20.919684410285715,1.7549355252125,6.63416397,11.239578609857142,4.824330897666667,216.32413973095234,69.80109990400001,3.4795080660999993,0.9740430200761905,2.1185265210952378,1.2424210934285713,159.71536968185714,44.789833611904754,3.5895362048125,0.7959305901533332,2.7313214711428575,1.3815180403809524,14.06765063642857,3.9726110980952374,0.35304659605625,3.739502009857143,2.5623432001428568,87.85929289890477,23.96686263285714,1.8588648140625001,4.197449541199999,4.740606966428571,215.77013787714284,60.444818587619054,4.8320638536875,3.9003693420666665,62.29762222742856,17.987175850095234,1.53991334883125,249.2400180314286,68.22310792857142,5.417722180375001,1.9472,0.1558,0.153,0.1492
AS3_K1,K,7,11.92376207142857,15.573943546904763,4.822452766523809,8.5183599478,17.412304765690475,1.4593121204,6.402613526190477,10.472353378619047,4.356159181904762,202.4041679904762,72.656445058,3.60778516535,0.8704766120833334,1.8313567950952385,1.1788787656976192,170.04655949257145,52.81321852547619,4.15965672578125,0.8188537011966667,2.5555551051904764,1.3378571811476192,19.462366173,5.813731636333333,0.511328825740625,2.866883453904762,1.956209367214286,103.92857261595239,31.53276295952381,2.4014972634375003,2.5775685787000002,3.239098844047619,222.46171549333334,68.50546455357143,5.31975646315625,3.098068801666666,64.8825201552857,20.23876256092857,1.7028155177843751,260.2069544988095,79.41268521309522,6.0925342440625,1.7957,0.1143,0.1054,0.1003
AS3_L1,L,7,15.341973441428573,21.811336563333334,6.521710736571428,9.688759709600001,16.65406074990476,1.3809221423687499,8.90902289842857,14.980623744761902,5.7442380814285725,233.51473703714285,69.57972564600001,3.4093958379,0.9946005940952379,2.122842766,1.4982003598571427,194.67574069409525,50.56276403095237,3.9854097514999998,0.7628617247266668,2.290424551285714,1.1263900569380954,17.146683329809523,4.142249493428572,0.36807664949999996,2.7400716372380955,1.6945045051428569,88.58327350171427,22.4145819347619,1.7222818994437499,2.5476758478,3.1618976705714283,195.10334573761907,50.87076386952381,3.9805302321875002,3.1919122854000004,54.62591648090477,14.033447697666665,1.173666663475,221.69054557809517,55.968146460476206,4.2655508816875,1.8035,0.1301,0.1148,0.1089
AS3_M2,M,7,12.573490505714286,16.374734243333336,4.962849276476191,10.7186049454,18.18710000252381,1.4445160477624999,6.402334077142858,10.264112086999999,4.188970747523809,195.97586387142854,68.89203821866666,3.3936815738999995,0.7710470032095238,1.5606370993333332,1.0700544715000002,152.766143302,46.58765111666667,3.64406248925,0.7709779401666667,2.219238553666667,1.2698800962380952,20.872541065333337,5.854616789571429,0.50293117203125,2.5067905129523806,1.7759602750476189,100.90215373528571,30.137830190000006,2.2845919058749997,2.4220825195999995,3.215359188238095,231.5938488271428,69.70919599952383,5.3966584055,3.203339735733333,69.82344822666667,20.92732002509524,1.6909530013375,269.9210147814286,80.76908093238094,6.0114465206875,2.1683,0.1415,0.139,0.135
AS3_N1,N,7,14.513417971428572,17.745501790952382,5.1782141526666665,8.0029881484,12.167259920190476,0.9922806621,9.66802401704762,14.792550132857142,5.693920407904761,230.83180254571428,66.53136444,3.1567515373000004,1.0433096289428572,2.00320331252381,1.4021852413809524,220.40636725,54.488044376666664,4.141954764687499,0.7308560828333335,1.9826204777619048,1.1348860717238094,21.997089614285713,4.960290738523811,0.42753373925000004,2.3053464095238096,1.5152283282380952,93.55800417723809,22.81702037095238,1.7230638338625002,1.7575450417999998,2.3234039260952377,191.81296353000002,46.8675342752381,3.5071184933125004,1.8301010927333337,52.66173862314285,12.903270653333337,0.90847088588125,215.0799030990476,52.39867709952382,3.913813129125,1.8342,0.0765,0.0679,0.0629
AS3_O0,O,7,14.177268754761904,20.414074216190475,6.063408669999999,10.895268345000002,15.944307077333333,1.27326479928125,7.870340778857142,13.692644936571428,5.375926994190476,245.8183423885714,72.11438573266666,3.5149291991999996,0.8788085040095236,1.9311280989523807,1.3180396329523807,211.58187352857144,53.54719461809522,4.110186681062499,0.60170638066,1.7943056650952378,0.9940457457619047,21.236167317142854,4.694324589857143,0.436088776225,2.2495630808571434,1.4249038185714287,86.47849385814285,21.547655650190478,1.64265208691875,2.1307939528000004,2.7204043297619047,187.01812539809524,46.92938450380954,3.5779443383125002,2.687990347666667,54.351095106666676,13.644535178809523,1.097985995975,222.31799807000004,55.63386998952381,4.246492356125,1.8261,0.1021,0.0903,0.0837
AS3_P2,P,7,7.07761537457143,15.61361576333333,5.368051608380953,11.716684341999999,20.957726387619044,1.6672561316875,2.9701057615238096,8.19784634447619,3.9735970497142867,159.87103707571427,66.84642232266665,3.3230748893,0.38964406364285714,1.2958304882857146,1.1838873397761904,103.93073279766665,38.01273573047619,3.053212240375,0.38287226062,1.9333729459047626,1.2382244070809525,16.11576025904762,4.932294118952381,0.4663409478875,3.0216894943809525,2.145590674428572,78.4311422845238,27.96984549904761,2.1579551995625,4.3212559698,5.938926901142857,235.19476344619048,84.17209170809525,6.5013008715,7.424793052800001,77.76118151714286,27.257324582380946,2.2326464875000003,290.0562695042857,102.36743654333333,7.810611187374999,1.8495,0.1538,0.1421,0.1344
AS3_Q1,Q,7,24.082264672619047,25.788636412142857,8.538002661119048,14.2345397955,10.648577497285714,0.98687200053125,14.822913918809524,20.492144812142854,9.583955673976192,210.5111882792857,47.938131586333334,2.6253334523,2.0423474766904763,3.5143008913333333,5.093756874285715,214.03610815619047,42.456174396428565,3.548327729125,1.2606570542200002,3.271483983285714,2.220307003880952,25.488499891428575,4.715267283571428,0.5108930026187499,4.959642989333334,3.9444201843333326,56.07628533683334,11.5312195395,0.926565284853125,6.829282665199999,9.817334209690475,112.59152289714285,22.77717663,1.9295659065000001,12.170414765599999,84.07780029833333,15.92699489107143,1.459584014459375,229.79137765166666,43.77044146452381,3.8059869482812503,1.7015,0.0647,0.0582,0.0557
AS3_R1,R,7,8.466946579333333,13.67856906642857,4.300188064523811,9.257339859800002,19.658637456238097,1.62015710776875,3.6622450124761903,7.471683570333333,3.298917134571429,159.07511751952381,66.72075424133331,3.3302960395,0.4618259938095238,1.1708794519809524,0.8189208280285714,109.04647856804765,39.79924092952381,3.242511078625,0.5049665162933333,1.9697064501904764,1.142314309152381,16.864280474285717,5.534705230238095,0.4856779724375,2.35463401247619,1.6747299489523813,88.20063175242856,31.277307510476188,2.39988468575,2.6999842644,3.602011680619048,229.99256679666664,83.58669826095239,6.520562037562501,3.8831401825333334,70.23771059095237,25.33117730285714,2.068792946625,269.63951709952374,94.80578976666665,7.3220515991875,1.9443,0.1397,0.1312,0.1258
AS3_S1,S,7,8.063879081380952,16.01342687285714,5.255481765428572,16.977755547999998,25.925785927142854,2.0378193185,2.726330422190476,6.773480029333332,3.1281333536666667,154.58433560000003,66.139282988,3.3429595948,0.25670059805714285,0.7460582483428573,0.7636639306047618,94.46427699499999,35.01793906857144,2.824594542375,0.31845502605333326,1.3463378123333334,0.9794443788904762,21.93119598571429,6.247600873285715,0.56173985636875,2.47318862747619,1.7101846081428573,82.47456145838095,29.997952551428565,2.297777756875,4.0685791494,5.219271977857144,247.55393737333335,89.9838489257143,6.80322343125,6.3941604295999985,82.66300356333333,28.945237158571427,2.2857504635000003,293.96582121,104.29972893666665,8.14897874025,1.7737,0.088,0.0796,0.0744
AS3_T1,T,7,17.56248964619048,22.719923246666664,6.449318386333332,5.467228889399999,8.78592161852381,0.7665061838937499,11.701006071904763,18.684559095714285,6.996446768428569,176.13671283971425,47.83719940133333,2.4329468131,1.2836859992857144,2.603459029047619,1.5608084656190477,169.58820372066666,40.28597695476191,3.1688702330000003,0.88425537344,2.3897516046666665,1.1903005355999998,12.215440955333335,2.939193697142857,0.25844562985499997,3.076338586285714,1.934538455238095,82.4721761174762,19.266283171285714,1.50637893375625,2.6710598468,3.0529651982380956,172.9095135169524,41.33699044761905,3.1782768517499997,2.6485633055333335,46.74590344638096,11.42194925061905,0.9800331312999999,196.15571876238093,45.606663567619044,3.61163435875,2.3402,0.1652,0.1588,0.1542
AS3_U1,U,7,13.687820253238096,24.155313310476192,7.279804933809523,12.050175665800001,20.003139904857143,1.6207416989374999,5.816597847666667,12.705104283190476,4.984449500047619,216.52755928428573,70.69510930400001,3.4195066451000002,0.5339186021142858,1.428633286857143,1.0902670366238094,156.64368539761904,44.31618636095238,3.4110069424375,0.42964842814666665,1.5827029261904764,0.9128427108380952,16.860363779047617,4.189417606333334,0.37373844534375,2.448538428285714,1.5687072901428574,81.03170190538097,22.571852275714285,1.7060011549875,3.2008167268000003,3.9999093441428575,210.84528518761908,58.862533750476196,4.4416735768125,4.349332777666667,63.32232638952382,17.732738267285715,1.4983996637499999,249.49032157666667,69.28844488333334,5.2473964095625,1.6699,0.1182,0.1069,0.101
AS3_V2,V,7,14.67527498547619,19.999544573571427,6.11986066047619,9.0507344245,14.656598431880951,1.24728578886875,7.909516754404762,13.062971864761904,5.235225768357143,184.46404668190476,58.087413915,2.9472801328,0.8819603011642856,1.8171797110714287,1.3189932079761904,149.43374079504764,40.844073205,3.2962853610625,0.73133638693,2.162451735619048,1.219631765540476,15.949696915499999,4.084010541452381,0.379542944959375,2.9377118689761907,1.967665010952381,86.39976271142856,22.993387040952378,1.829356634878125,3.0327539444999996,3.8316745588095245,193.88702390785716,53.079063505952384,4.23209244753125,3.8808546543,57.345004630714286,15.72971774290476,1.3352562915187502,229.20472113261906,61.15187531452381,4.8640108554687504,2.3706,0.1541,0.1493,0.1454
AS3_W1,W,7,10.6884025735,20.018614474285712,6.1228529555238085,9.465173864,18.023354825261904,1.4807093292718752,4.341941924309523,10.228378454690475,4.2034699860952385,146.1851634727381,58.229023106999996,2.98441555505,0.35731973747857143,1.0150145561833335,0.7371218360547618,96.25656402009523,33.58947029595239,2.7383799515625,0.42942343453333337,1.5464586218809524,0.8562396566095237,12.903793936476191,4.157427722452381,0.38733223220937496,2.4626581158095235,1.6261834672857147,83.00142571914284,28.078143778809526,2.13639576734375,3.2005800724,3.814690629714286,240.4682043604762,81.63781719952382,6.327074520562499,3.7924500624333333,73.41956343190475,24.88009670761905,2.048876946775,282.5997314990476,95.0211858302381,7.248363763375,1.9726,0.144,0.1462,0.1468
AS3_X2,X,7,26.653363454761905,24.42850639714286,6.858083475285714,5.8686946868,7.2498436655714285,0.59108489746875,18.687774704285715,21.44821089809524,7.898369153285715,184.71437785457144,41.73024368266666,2.0712283371,2.554262723285714,3.61950771,2.017486067,219.22221878133337,42.88499514285714,3.329724557625,1.2476162830866666,2.3366006783333333,1.1326350654666666,13.463100512904763,2.6076320126190478,0.23938407656875,1.8781288862857142,1.262847239052381,62.47387740385714,11.977490243619048,0.9388857894062501,0.9945228933799999,1.3492215077619047,95.46582617376191,19.166538602476194,1.56778235368125,1.0307106018866667,25.19306069352381,5.0353427160476185,0.420777025053125,108.01814044809524,20.715841473761905,1.614943634825,2.1502,0.0908,0.0874,0.0833
AS4_A1,A,9,13.134933879714284,23.021828422857144,6.822388240428572,11.5168239582,18.410923414761903,1.52095368514375,5.879192965285715,12.490149135238095,4.939982664047619,184.8811711790476,63.51515757266666,3.103170514200001,0.5403475378142857,1.3564909865714285,0.956722075052381,133.70336032761904,39.585079647619054,3.099878936875,0.5074521193866667,1.5958232823333334,0.8796185085285713,15.002932230666667,4.066016719428571,0.3562310980625,2.3441150756666667,1.5236948104761905,86.28809986333334,24.789190382857143,1.9318666606875,2.4932156564,3.2416254111428575,225.5273021442857,65.37160619142858,4.9886804521875,3.015908113933334,66.32409872238095,19.214675131809525,1.62088840823125,261.1002688638095,75.47164916952381,5.849307745375,2.0545,0.1302,0.1308,0.1311
AS4_B1,B,9,13.061202822857142,18.036691075238092,5.456543706714285,9.8452488906,15.151915345380953,1.1465026884625,8.050613199,13.128809339428571,5.098727271666666,230.82188134190477,69.89633534666665,3.2973903176999997,0.9846166428904762,2.005851598,1.4022300867142854,192.99789904666667,50.182475226190476,3.81673142325,0.7287789782066666,2.1302757491428572,1.199600477942857,20.225311188571432,4.676437264428571,0.41430709698124996,2.849658602761904,1.7916664793333335,88.01893064071429,22.58263815095238,1.701072409875,2.8265696048,3.4940889335714282,188.89077704714288,48.537303561904764,3.6393324881250004,3.438101863733334,55.96905790190475,14.462121941714283,1.1314054839124998,223.8064887533333,57.64751461523809,4.262456700125,1.8097,0.1203,0.1086,0.1006
AS4_C1,C,9,17.193686349523812,21.08401076047619,6.3943972814761905,7.845501422,14.235555240285716,1.1955236308625001,11.132482527904765,16.715720131904764,6.528003965095238,217.70139494380956,64.46411921133334,3.2595749617000003,1.8211669636666667,3.5378347236666667,1.9634640897142863,212.13798645238097,54.612899417619055,4.4093236475625,1.2566598058066665,3.6008312020952373,1.7597292263809523,17.080449773809526,4.371124279047619,0.39860631991874995,3.3393478166666664,2.1764020238571424,94.92388865604762,23.567088989523807,1.85487792265625,2.7894564627999996,3.1176882130476193,177.8410409252381,47.2549336752381,3.8644241095,2.6615631579333328,51.67398947838095,13.599289848714282,1.07695885,214.4845385766667,53.501296360952395,4.2124478669375005,2.8397,0.1916,0.1833,0.173
AS4_D1,D,9,12.890105246666668,22.093145779523805,6.7795369740952385,11.1356956472,22.105552354761905,1.7740394398750001,5.256218319904763,11.068686984619047,4.579508758714286,178.32975510190477,65.89009704600001,3.2890185594,0.5660536714857143,1.4274828092380951,0.9681861116571427,129.85741346761904,41.74717984904761,3.3290906175624997,0.5345129450399999,1.91248981152381,0.9661291014333332,13.324130831,4.2088205473333336,0.3534716172125,2.562911817047619,1.7641909065714287,86.06382858747618,26.930671874761906,2.118510529375,3.108741188,3.6898313704285717,220.87516231190477,70.63284646904762,5.6169965416875005,3.5545202732666668,65.9475889232381,21.506656829523806,1.87929225715,261.2574691852381,82.15415771904762,6.371359541875,2.1955,0.2025,0.2062,0.2051
AS4_E2,E,9,14.201431365714287,19.898718425714286,5.9394779999523815,8.320906353800002,14.34455365209524,1.14361126713125,7.378971757904762,12.841333025761903,5.077201343714286,195.82954816190474,59.678248596,2.9245728255,0.7831185602142857,1.603539500857143,1.0629578601714287,154.70786303814285,40.94824100666667,3.2061929330625,0.6462945402,1.7737876575238094,0.9179262888190477,14.525424934619046,3.6820204258095233,0.32185825053124995,2.248680886857142,1.4518325727619048,86.02691191376191,22.232276508571427,1.6843064538874999,2.2161903858,2.7812239100952376,198.32473872714286,52.56250345190477,4.0490250885625,2.5383494378000004,56.17814118738095,14.86511312204762,1.2574590072,227.45463998238094,58.907413391904754,4.3583911060625,2.0714,0.1315,0.1274,0.1237
AS4_F2,F,9,5.330718142619047,13.62287407761905,4.3004548890952385,10.159291363,23.055943988571425,1.7976492122562502,1.843583107,5.781945841619047,2.4402706963333336,116.72019259485717,61.274478912,3.0056406496999997,0.1331388545947619,0.4725151431000001,0.42576777793333337,68.61582383509524,31.394482839523818,2.56787026675,0.18356172667333334,0.9471497592523809,0.5552268085000001,11.869844300476192,4.763467924904761,0.41421187389999997,1.648260088095238,1.0535892106,68.89651806857144,30.415823755238097,2.30214358875,2.5558708668000003,3.261682828285714,261.47065916142856,114.51328659476191,8.5888813135,3.4990103246,85.59514308904762,37.35520798904762,2.9115425795625,311.1955597314286,136.65562475809526,10.2539882661875,1.8569,0.1486,0.1355,0.1272
AS4_G2,G,9,12.976978345714285,16.14954426142857,4.783887261380953,8.6633398048,12.81073431747619,1.0092029050187499,8.294036297666667,12.680415471999998,5.076835405190477,229.16419170190477,67.126447042,3.2759790899000003,0.9859587152809524,1.8752152579047618,1.3204062495714286,196.52102738142855,49.604266303333326,3.8493367434375,0.77945416568,2.1082291262857145,1.1945655657476189,21.145420663333333,4.818518491047619,0.40964245330625,2.997332186952381,1.8223270178095239,94.63980863504763,23.606424967142853,1.78650931648125,2.522892189,3.2609955922857137,199.79037639666663,50.11161785952382,3.8319723755000004,3.129982106,58.59158238714285,14.758910859761903,1.17894205066875,233.57724272095237,58.60968898619048,4.400534585,1.9106,0.1109,0.1031,0.0962
AS4_H1,H,9,8.34973691742857,22.06756596333333,6.5655580704285725,9.7479483594,16.291423547238093,1.3166335410875,3.161801105380953,10.224104267809526,4.068358886761906,124.6896244617619,48.80625890133334,2.4405617833999997,0.21155865951190478,0.8187829057333335,0.6396473490047617,81.62596130638096,28.081115631428577,2.2294605224375,0.22438845386000003,1.0111043850952381,0.5833645363666666,9.889620690714285,3.004398709142857,0.28481523132500003,1.972057143857143,1.2364478963952383,72.8408090202857,24.3098069147619,1.7977470829687499,2.6762829779999997,3.4040741352857147,234.34491248761904,79.46157164714285,5.9739343823125,3.5594646454,71.51729956285715,23.76146589047619,1.8837554380625,277.4192575685715,91.36878604380952,6.919403255125,2.1313,0.1074,0.1022,0.0975
AS4_I1,I,9,18.515793256666672,23.76723925285714,7.151546341714286,13.392298505600001,20.449872560571436,1.6406882255625,8.557590893238094,13.251918519857146,5.464960211761904,230.31011850238096,70.97533569266666,3.5201446534,1.0051336231190477,1.9901042892380951,1.4214166062380953,195.51280730761903,52.49304417238095,4.0919757484999995,0.8884069263666666,2.4430859995714287,1.4468726033333335,23.427098682857146,5.624656677238095,0.501098793,2.7660984992857145,1.8861706995238094,101.99262260019047,26.68350587619048,2.0037871746875,2.5724673269999996,3.264615274761905,208.83648799714285,56.09549922095238,4.3211892545624995,3.2042909304,60.69591386428572,16.06922989771428,1.30728343875,240.85866728619047,63.06240872142857,4.799936324312499,2.0764,0.1165,0.1135,0.1113
AS4_J2,J,9,13.406320345238097,19.665701457142855,6.23293025147619,11.146187496,21.445151328380952,1.75211291756875,6.451750891571429,11.501453035619047,4.935201644904761,217.18380660428573,70.72800776066667,3.5474809884000003,0.9907607946714285,2.2248302074285715,1.3221525918571428,163.11493120133332,46.006014142380955,3.6686369479375003,0.8237477917866667,2.8231506915714286,1.4215470836190478,14.216037239476188,4.031768265238095,0.3646227614875,3.7100922720952383,2.607963721047619,88.0013474595238,24.209812754761906,1.8621491604187501,3.9902894019999997,4.556792985952381,213.42091173666665,60.309600649047624,4.785560056625,3.6385921796666674,60.62214706595238,17.61292730090476,1.55515109374375,242.6783590728572,67.49974432476192,5.2787867035625,1.9451,0.1574,0.1567,0.153
AS4_K2,K,9,12.353567169047619,15.526654833333334,4.746566136761906,8.621813488199999,16.647203762904763,1.42381714655,6.425276302142857,10.199541772666667,4.2139181976666675,197.5231743857143,66.89822336800002,3.3439849139000004,0.8567414964428572,1.7852660133333333,1.1262455923999999,160.7631168325714,47.07016136666667,3.721834406375,0.8172254781066666,2.4689850808095235,1.2864018451904762,18.268487863190472,5.168223823761904,0.45824724994375,2.803962480428571,1.906175670190476,101.11804689352383,28.94684805333334,2.2391382158125,2.6939314841999997,3.2852007206190477,230.54646079238094,67.00080989571428,5.257716670624999,2.9525478838666666,67.48784936838095,19.860598473190475,1.60959552603125,264.7908296042857,76.43185188619046,5.7545346916875,1.8866,0.1438,0.1347,0.1283
AS4_L1,L,9,15.62316167904762,21.873892466190476,6.579904783333334,9.799939443000001,16.626392093476188,1.3330358229250001,9.021706580904763,14.82568690904762,5.837555749142857,236.0785119195238,68.70025685666666,3.3443028687000003,1.0821836279238095,2.2886366503333333,1.5830741041904761,199.47767421238098,50.575715838095235,3.9584188311874997,0.7823998410533334,2.394678592714286,1.1875526934047618,16.825893855380954,4.049740887714286,0.36889979801875,2.804657277619048,1.7443750075714284,89.69396173690475,22.207938103333326,1.70485061044375,2.6500343323999997,3.206574757904762,194.79703481142855,50.165399731428565,3.8919796944374996,3.145342858733333,54.65662088671429,13.842294488380949,1.2037802450875,224.2865461504761,55.52004151142858,4.3394324333125,1.8355,0.1356,0.1209,0.1156
AS4_M2,M,9,13.829000836666664,17.92575363904762,5.466563599333334,11.8511608128,19.585241498714286,1.55488868058125,7.052961031714285,11.26297868885714,4.632977508380953,212.89195983095237,74.45499827066666,3.6312483073000004,0.9039462975285714,1.8268396740476192,1.2366172757142855,173.37019106904762,52.19976098190476,4.0845675767500005,0.8663734037733332,2.472712301047619,1.3848918846666667,22.436567306809522,6.250194765285714,0.525769317525,2.6711030575238097,1.8612310034761905,106.77568444557143,31.467908677142855,2.4202534258125,2.4798718452,3.2436477116190474,234.80923852523807,70.12605085857142,5.3778561206874995,3.2514807700666664,70.34137439190476,21.09021659095238,1.7172581293625002,270.7577694442857,80.46875581523811,6.192720994437501,2.1002,0.1268,0.1263,0.1218
AS4_N2,N,9,17.18429320142857,19.66558469904762,5.8778402464761905,9.05429268,13.76147131709524,1.112952250925,11.189971015761905,15.916333062380954,6.213557810952381,263.2345658314286,73.50517730666667,3.5720960857,1.3169712849714288,2.377327686238095,1.6575825838571425,262.9318034680952,63.12002817714287,4.847843080750001,0.93698304886,2.342661023142857,1.3246263719999998,24.028417905238094,5.430684010285714,0.47137951478125,2.454959154190477,1.6408365738571429,103.01607123357141,24.438600315238098,1.845528759125,1.6344706058,2.2514344056666666,199.02790953857146,47.40893009809524,3.6496516465625,1.7691600084,53.5018265577619,12.864609650238094,1.06857917831875,222.37253838523807,52.64603614904762,3.9732185304375003,1.9044,0.0875,0.0799,0.0745
AS4_O1,O,9,14.612431026666664,21.010802632857146,6.10691751757143,11.145144366599999,16.336383319761904,1.31876647470625,7.930479480619048,13.90337676185714,5.275795641428571,245.12413778999996,71.56172892266667,3.567140007,0.9128176399809523,1.9556136415714283,1.2722343717142859,208.24022202285718,52.387228102857144,4.0662567911875005,0.6436832448466666,1.8260542949523808,0.9750198011857142,20.08554149857143,4.520092504333333,0.4072146080375,2.2784817105238093,1.4038449582857142,86.37636478414285,21.49712072095238,1.67335890228125,2.1054336549999997,2.726390679666667,191.78202606142855,47.45538093904762,3.6459508464375,2.6670996347333333,54.002241364285716,13.530291420857143,1.04983393094375,219.39126668428568,54.47078150857142,4.149516657062501,1.8241,0.1083,0.097,0.0901
AS4_P0,P,9,7.2698890824761895,15.376844087619046,5.139266899714285,11.1215080256,19.75962784061905,1.5877707712562499,2.9139965432857142,7.792886189142858,3.685394446047619,148.60904284761904,60.33151575666667,2.9880851268,0.36347842712857137,1.2425628928666665,1.0669417721904761,93.08173145990474,33.04353759333334,2.6635374203125,0.3929411312066666,1.8905722470952382,1.1612398283952383,14.43203808,4.3333225305714285,0.40402041748124995,3.077197994428571,2.078705668428571,76.13227797014285,26.169731367142855,1.990705639125,4.5522810935999996,5.656216916571428,235.14051001047616,81.66294316285715,6.2282390890625,6.8279624625999995,75.20926448857143,25.84772591380953,2.16483186925,280.0156300852381,95.57499749666667,7.226990550625,1.8482,0.1387,0.1278,0.121
AS4_Q0,Q,9,22.258514040476193,25.078547205238095,8.200914178238094,14.285090828,10.221119380714287,0.9002191162937501,14.745034171428571,21.338093166666667,9.859445662714286,213.32191504285717,48.515428924666665,2.7123332979,2.2235207785714284,3.9799816041428566,5.770640816095238,226.09645507666664,44.75515601714285,3.70306451625,1.3658438504800001,3.610105014904762,2.321508980904762,26.894624257142862,4.964036566904762,0.5418644622,5.399201029714287,3.7024598122380947,57.781655039142855,11.691487335285714,0.9497984946125,6.0903899192,7.820753324333334,117.65015661619047,23.65531281047619,1.9852301999375,9.382947571866668,79.24287450714286,14.990510441095239,1.43524032454375,217.50428700523804,41.291480382380946,3.512453422,1.7347,0.0888,0.0816,0.0778
AS4_R2,R,9,8.489254837619049,14.103331612095237,4.408838374333334,9.5387646684,19.986097743761906,1.6272129341812502,3.8181442875238103,7.82855778652381,3.384510619285715,163.4236545104762,68.72854080266666,3.4195426462999996,0.5166103854000001,1.3024736246190476,0.890966290552381,117.62189812300002,43.099814187619046,3.4589709340000003,0.5423674633266666,2.1181645165714285,1.2095646432809524,17.137497993761905,5.724400599761905,0.51513576506875,2.4265244575238096,1.6873960495238092,90.9518436514762,32.19745454285714,2.4579875170624996,2.6836800098,3.417094003571429,228.2582491933333,83.31189655285716,6.504866838124999,3.5930079937333335,68.78501206142857,25.105669294761903,2.021711219025,267.64095652285715,94.97581736857141,7.3769022528125,1.9305,0.1451,0.1377,0.1314
AS4_S1,S,9,9.229882398857145,18.414373715238096,6.112589609047619,18.652363393999998,29.74712912238095,2.4532636404375,2.8802544502380956,7.178842067666667,3.438224872,165.23312036809526,70.019230398,3.4974925040999993,0.27068821801904763,0.8290118234380954,0.8653955686809525,100.72150158028572,37.152658099523805,3.03020916125,0.3722432355066667,1.5143767254761906,1.0933983354047618,21.07493273428572,6.27613710209524,0.5844820085937501,2.6591336954285714,1.8321983019047619,85.21942243438096,30.768915267142862,2.3946077601875,3.9480093957999998,5.052757172333334,251.92716462380955,90.78760400571429,6.976552337187499,6.014043950933333,81.1524052395238,28.33529340761905,2.306244924625,291.94196809285717,103.57498224047619,7.97640627675,1.7979,0.101,0.0949,0.0896
AS4_T1,T,9,19.907752900476186,25.195554733333335,7.426883447619048,6.4131572722,9.901016234333333,0.819855850225,12.332712763666667,19.34495430857143,7.467325755809523,189.20380087809525,50.55345052,2.4983231546000004,1.429734159047619,2.8350148881904764,1.7448984782380952,185.55170000357143,43.091178713333335,3.3775590955625,0.97270479406,2.5819882551904763,1.3390042781904765,13.245951323285713,3.0995236748095234,0.29021144657500003,3.0833121366666667,2.0136411928095237,87.16954562876191,19.751586233047618,1.4881066679,2.6781230928,3.079774357,174.77027457519048,40.58389908904761,3.179503098,2.6602581023333327,47.69575686566667,11.389711855476193,0.9925729819187501,199.60529872904758,45.59143202571428,3.5476024896875,2.2928,0.1739,0.1708,0.1674
AS4_U1,U,9,13.290432022142856,23.02698943761905,6.908108529571429,10.996514414,18.549115362571428,1.4443767368875,5.9555158159047625,12.780688284952383,5.045128981238095,218.8461138352381,70.37830734333333,3.3238095997999997,0.5776774315761906,1.5496981143809525,1.1796331207333333,161.4733203309524,44.64510445285714,3.4506044089375,0.47449738184,1.737558540809524,0.9862173994333331,16.011207898095236,4.04309666157143,0.3657659515625,2.586242846095238,1.659103314142857,83.07864130690477,22.680000623333335,1.71641417964375,3.3296676157999996,4.0069847333809525,209.8981027161905,57.62771978857142,4.3391628861875,4.236556959133333,61.884145143333335,17.07253324428571,1.4043792783875,245.73765373333333,67.14558519761906,5.217038437499999,1.7404,0.1271,0.1168,0.1106
AS4_V0,V,9,16.44870263142857,22.689169202380953,7.003176734285715,10.709822083999999,16.480172951714287,1.3429557643874999,8.384706179238096,14.019746870952382,5.636850062,199.7946716461905,61.890988414000006,3.1047711611,0.9634573346380952,2.0183937379047614,1.456052343,164.06203101438095,44.05712699952381,3.5554591715,0.7781073609666667,2.321700005333333,1.2937315986666664,16.723287287238097,4.2516252937142855,0.39634834324375,3.0932328361428563,2.0914742436666662,89.61802066714286,23.480108442380953,1.8675539790625,3.2160206318,3.797815220619048,202.70660522904763,54.24994786523809,4.2546211331875,3.6104811350666663,57.762708439047614,15.628764084666667,1.3116193673624998,230.71095003714285,60.18478847666667,4.7140813023125,2.3284,0.1811,0.1792,0.1741
AS4_W0,W,9,10.976072992666666,20.88872995904762,6.184502215619046,9.690419768999998,18.39791138985714,1.489940494325,4.448116597571429,10.487925188761904,4.254417669238096,149.79079905190477,58.780675252,2.9669039727,0.4073447670285714,1.1121554176428574,0.7882409237666667,102.99949617095238,35.10036350428571,2.7935718819375,0.46915270089333344,1.6442144314285714,0.8675984683428571,13.126983869523807,4.209951264523809,0.37504959384375003,2.5118981656190478,1.6721446911428575,84.49584526538095,28.0704587747619,2.1026888116875,3.3298693657999996,3.7773277988095244,241.8863558966667,80.87230591619047,6.2360776215,3.601777569466667,72.6379675152381,24.386294456190473,1.95905778551875,280.8863859657143,94.18238031047618,7.162389010125,1.9674,0.159,0.1625,0.1628
AS4_X1,X,9,26.82379686285714,24.00858356761905,6.662893931190477,5.7625879766,6.877504700619046,0.6038888264250001,19.475536890952384,21.86867941,7.818013372952379,182.13865747642853,40.63708699466667,2.0426723004,2.7909858796190474,3.831072977571429,2.060873218904762,220.8852272957143,42.457571302380956,3.3232741355,1.3646412769866667,2.4988069250476195,1.1634062612999998,13.488376277190477,2.5607968852857144,0.24247203396062497,1.9998524756666667,1.2790885595714283,62.59677179895239,11.85201540461905,0.89592753903125,1.0778573750600002,1.356421533,96.17792724566668,19.116891225714287,1.5365891382625,1.0641840577866666,24.789561294619052,4.922870976666666,0.413985603025,105.74070782338097,20.10420676633333,1.49645997213125,2.2427,0.0919,0.0882,0.0819
AS5_A1,A,18,13.222703025238093,20.914708320952382,6.127573149571429,9.6990049372,15.162398156619046,1.1906051858687499,6.714380060095239,13.09016872504762,5.145020008047619,183.1318218157143,58.66716283133333,2.8645678045000005,0.6600969079333333,1.5137995935714286,1.0355061406428572,138.78832162757143,38.634296054761904,3.0199931709375,0.6117998302400002,1.8508514904285713,0.9762711297714284,14.59808660742857,3.8590782652857136,0.32682556657499995,2.5261638505238095,1.677564410809524,89.46619912828572,24.284302121428574,1.8006344586687502,2.6503397464,3.3639716534285715,232.6242385257143,64.39739091095238,4.8679848313125,3.0582372030666667,65.97293236857142,18.233737717952383,1.46072704340625,263.1686979,72.11215682190478,5.3571723696875,2.1547,0.1597,0.1634,0.1637
AS5_B1,B,18,15.152835572857141,19.44618988047619,5.780372403904762,9.3461121548,14.489259014857144,1.13674204984375,9.71084442552381,14.789733252380953,5.687932059809524,242.34401535285716,69.30079015199999,3.3022969962000004,1.3335947281285712,2.567137604714286,1.6449070828571426,215.63329056238095,53.15890530047618,4.0490683615625,0.9640173614066666,2.695523069047619,1.4267889487142855,19.222775005238095,4.4761554513809525,0.39711141494375,3.274024917904762,2.129492776666667,93.76386307866667,22.666838372857143,1.71609087659375,3.0805510998,3.5708905401428566,197.00532314428568,48.235161645714285,3.6062326878124997,3.3407535076666672,55.51760732480953,13.79672706642857,1.0550994501000002,227.03736105666673,55.43447403714287,4.0509454608125,1.9389,0.1372,0.1318,0.125
AS5_C0,C,18,17.089948836190477,19.826900163809526,5.951384283190476,7.631597138000001,11.987405255428571,0.9904416668562499,11.572596322761907,16.538128126190475,6.469686644380952,203.45433766190476,57.11597925800001,2.7987667799000002,1.8898101306190476,3.4707835288095237,1.909354612952381,200.16149871047622,48.96383430904761,3.8759352713124997,1.3051300009133335,3.5361302920000006,1.7309405008571428,16.55394957142857,4.065443697428572,0.3658841913625,3.2258962449047615,2.2256974493333335,92.05030690933333,21.85496902333333,1.71467839551875,2.6997749806,3.1356595583333338,179.1143772880952,45.39809644857143,3.681500315875,2.5842993815333335,51.27844953552382,12.93653440514286,1.1027649566,211.33762944952383,50.14368293285714,3.8267380445625,2.7692,0.2279,0.2269,0.2169
AS5_D0,D,18,13.254266101904761,20.63543860190476,6.327484085476192,10.8553010938,19.316450755571434,1.60543087504375,6.333518391428571,12.005678448904762,4.9695851915714275,183.6707428561905,65.53372039866666,3.3566310166,0.7270321746666667,1.6999922251428572,1.1379847981619047,144.83128479995239,44.849769955714294,3.583899103125,0.7124061664466665,2.2992304735238096,1.1869219315047619,15.41643020133333,4.684653316238095,0.41893229354375,2.8570682661904763,1.9876468749047618,94.21508881442855,28.156461579047622,2.1887959913125,3.1406669139999996,3.741331123095238,226.27620769619045,70.08181090571428,5.5118945538125,3.4293506780666667,66.21266959904763,20.684879302857144,1.7168964855437503,262.97982651904766,78.89509364619047,6.0709013639375,2.2544,0.2122,0.222,0.2211
AS5_E1,E,18,15.970412617619047,22.38114266190476,6.4975802559047615,9.1854782106,14.43417916995238,1.224354256025,9.02276302504762,15.537951289047617,5.891316618333333,213.5756430414286,62.559966023333324,3.1293536425,1.0993222423476192,2.313026150142857,1.4351442256666667,194.9682733890476,49.674807593333334,3.892616927625,0.88511234324,2.4317855096666667,1.2081771181142857,16.849661486428573,4.195748806,0.37960287369375,2.6979956513333336,1.716442391952381,94.17359159080952,23.40213466857143,1.76554624001875,2.3925670148000004,2.7885925543333334,204.46084661857142,52.329840795714276,4.00762785975,2.4478723287333337,54.2952355892381,13.971826190047617,1.2076813244187499,222.98115462428572,55.79874919809523,4.279781267,2.1994,0.1342,0.1356,0.133
AS5_F1,F,18,5.309805188857142,12.522531235904765,3.810532047666667,8.6801545156,19.441422417619044,1.52893511208125,2.066271112095238,5.982126894571429,2.4322259653809524,114.02960931361903,57.052819062000005,2.8640393496,0.16542238175666665,0.5243809393380953,0.4504592943666667,71.1275386537143,31.31027530380952,2.4905195608125,0.231567838284,1.0793135620047618,0.6046290766714285,11.742953595333333,4.670014846857143,0.4053261205625,1.6774263438571428,1.1212190985761903,72.18176194880952,30.781280154285714,2.258765354875,2.5303689002,3.0986941315238092,263.47748674714285,111.92333857142856,8.4180141685625,3.1345399380666668,80.74438884904761,34.33881932190476,2.6352223977500002,297.10617473857144,125.66325977619049,9.272701114812499,1.9154,0.1603,0.1516,0.1435
AS5_G1,G,18,14.69228880809524,17.395846319523812,5.144380228809525,8.3527822496,12.499892324761905,1.0177121162562501,9.831130868380953,14.179858252333334,5.619617621142858,238.10453837999998,66.70761388133333,3.1478634117,1.306735220490476,2.3949082067619045,1.5575048241428573,220.1812776823809,53.00007384142858,4.0230200439375,1.00080796882,2.6779741673333333,1.4374990462380954,20.870659691904763,4.730457521619048,0.423256156025,3.416462024095238,2.1099472839999995,99.84328099528572,23.765530948571424,1.79110357533125,2.6139913558,3.2632535297619047,202.0922658428571,48.652061643333326,3.6603820995,3.0635278383999998,56.62044634023809,13.744065397857142,1.0495857596187501,230.06006576952373,54.94827788142858,4.1211416423125,2.0649,0.1311,0.1272,0.1199
AS5_H1,H,18,8.89616500795238,21.06323396523809,6.327293021571428,8.607337188999999,14.806715420238096,1.2013255320187501,3.2702510584285713,9.183740910857145,3.7934166930476194,114.10683300204762,42.25084292,2.1006959793999997,0.21641313355619043,0.7330534259428572,0.5495299058380951,68.62375497866665,22.365700085714284,1.80304038153125,0.25227621594866667,0.9600305699285715,0.5424062808428571,7.824508962047619,2.412528401238095,0.21773506468937504,1.8993683201904763,1.3189411729523808,72.05788244504761,22.54940618809524,1.72609999779375,2.5797447202,3.2574807689047622,245.0017164385714,77.50971966761904,5.82506199175,3.3772484936666674,73.60638891095238,23.226235435714287,1.82934610915625,288.6243700319048,90.32490031190476,6.798101500062499,2.3019,0.1445,0.1437,0.1379
AS5_I2,I,18,19.030622936190476,22.84680203,6.929941449809523,11.951029586599999,18.399474099761903,1.488450598025,9.33050609752381,13.599647340285715,5.531756378380953,226.59157071380955,67.68781102466667,3.3217409850000004,1.1818109977857143,2.1776624293333335,1.4809670391904763,197.49923175190477,50.99469684380953,3.9860841930625,1.0403823792933333,2.702544507380953,1.559514760952381,21.487278528142856,5.265826622666667,0.46845871210625,2.8745689731904767,2.024716155809524,104.6443740734762,26.32705316142857,1.9642930254375002,2.5376634598,3.1788555895238098,209.14463760904766,54.297479539047615,4.2130935341875,3.0165080388666667,59.03609089666667,15.260847432380952,1.2968722135,238.2695411519048,60.17538906285712,4.5854235141875,2.2184,0.1499,0.1508,0.1477
AS5_J0,J,18,14.333222979999997,19.23561872666667,6.060647624,10.7935095776,19.180940491142856,1.5931095889937499,7.470158780999999,11.867436454952381,5.010833467714286,215.8430262595238,66.841341654,3.3656765222999994,1.1698530061190475,2.374616072190476,1.379179630952381,165.191024601,44.50370252619047,3.554765276625,0.9460939526533333,3.0476873828571422,1.5400385120000004,14.84959872561905,4.006454422428571,0.36560159643125,3.915401980904762,2.7278372787142855,91.16134612504761,23.771330560000003,1.84593416,4.1673120498000005,4.777336779,219.33190114285713,59.56793875952381,4.7835665345625,3.749511527933334,61.94144330904762,17.27223005819048,1.4933556876937502,249.4361151738095,65.97099213333333,5.0593993514375,2.0968,0.1781,0.1815,0.1781
AS5_K2,K,18,12.514476866666666,15.171262332380953,4.579767340809523,8.4599289902,15.19615704542857,1.254838824325,7.057092689190476,10.676887579809526,4.404470125857143,193.3224568585714,63.811643219333334,3.1491782903,1.0214265528428572,1.9698046447142858,1.2172898678095239,163.41116864414283,46.67209870428572,3.699982881625,0.9603308479799999,2.7841389859047623,1.4687429155238096,18.824851069238093,5.275157372142858,0.45518713816249995,2.8653603053809524,2.0165241729523804,103.6955683849524,28.901928765238093,2.2302283271875,2.526499176,3.2144318649047614,231.48112461476188,66.04537591523811,5.13276954,2.8372024536,66.19007051952381,19.074275108047622,1.6142458319437498,265.0714452042857,74.12393061285714,5.620450034625,1.9836,0.1688,0.1641,0.158
AS5_L2,L,18,16.050099736666667,21.544208980952384,6.507152739000001,9.0456028936,15.462823844809524,1.27083413305625,9.462231613333332,14.962633359999998,5.896268685619047,228.77964927714285,64.90612029933334,3.1900195122,1.1717288239142856,2.4785931223809525,1.608556492,194.27045340847613,47.989845458095246,3.7739427833125,0.8655565540333333,2.5745377993809524,1.3002763418095238,15.446095943095239,3.7564835434285713,0.33258573896875,2.9010809262857142,1.8300057876666667,89.18668522190478,21.45473643742857,1.64179006965625,2.5525815011999997,3.1621818542857145,194.4636742257143,48.98873002238094,3.8698740155,2.8946826139333335,53.50196363733333,13.601990335809525,1.15355499844375,222.8493088757143,53.51770310238095,4.12259612975,1.9199,0.155,0.1442,0.1396
AS5_M1,M,18,15.169601847619045,18.68013095809524,5.601728042,11.6537823672,18.45537875938095,1.48618000001875,8.34206733247619,12.691680863619045,4.969665141380952,216.45755540190476,72.67394383866667,3.5655312777999995,1.2242168499809525,2.2935256844761907,1.418401877095238,193.51790201714286,56.34043203238095,4.360574856187499,1.1568843086933331,3.121518839095238,1.6353357462380953,23.137315500571425,6.371485494476191,0.551447872075,3.0333256154761905,2.10565971747619,111.28882879814286,31.635847863809527,2.39144089075,2.6376192094000004,3.3680819330476197,238.08661134333332,69.02919560285714,5.294259369125,3.101559861466667,67.41876647333333,19.27597808871429,1.58486496665,263.8028446414285,74.71914109761906,5.579981833750001,2.2872,0.1947,0.1991,0.1933
AS5_N2,N,18,18.801439829047617,19.302050635238096,5.599583410095238,8.079449462400001,12.375873861857144,1.0276259165375,13.0716664,16.503644035714284,6.311333066047619,257.0906066452381,68.49989674933333,3.4130098343,1.5931839601904765,2.5459729262857143,1.6834497677619045,259.1396009480952,59.62837800666665,4.599714592125,1.1953105688199999,2.7091439679047618,1.4691063789999999,23.82781741766666,5.254668088095239,0.45157475118125,2.7803903307142854,1.9077278716190476,110.41190565204761,25.09291580809523,1.86490621048125,1.7866182089999998,2.4126186144285713,206.6453218490476,47.016732806666674,3.6086223423125,1.7440875292000002,53.67774320490476,12.431843144809523,0.9604840221812501,223.75165249238094,50.73602594619048,3.7769735156874997,2.0395,0.1098,0.1038,0.0976
AS5_O2,O,18,14.049746377619048,19.15726702523809,5.536543755285714,9.1976293562,13.148092315047617,1.0483034737125,8.326575914333333,13.672701472380952,5.183781601190477,227.89932214523807,62.364320374,2.9340835809000003,1.009667195052381,2.060030772523809,1.293560357428571,195.72555864619048,46.16650781142857,3.5212390498124995,0.6741632482133333,1.9256062280476194,1.024683861557143,17.435570399047617,3.81992067052381,0.33198212832499996,2.434118747666667,1.507187411857143,85.3861368064762,19.837536267523813,1.517587792175,2.2268015861999997,2.700392938809524,193.48170067333336,45.29938979285714,3.3864907398125,2.5890974918666667,52.33679262566667,12.458782605047618,1.1250629871812499,215.08340689333338,50.48515882904761,3.7735744715625,1.9791,0.1324,0.1257,0.119
AS5_P2,P,18,7.839336667523808,15.380248159047618,5.030872208761904,9.0448791514,17.55852744638095,1.4101338907125,3.394842953904762,8.305046899190474,3.7548846857142855,144.14166708485715,56.17684758466668,2.7731138229,0.4381718415619047,1.3976668630000002,1.0583812652000002,93.49000058466666,31.841906911904765,2.514558352625,0.4775918444066667,2.2657937152857137,1.2896858736666668,12.29411272809524,3.8609318166190483,0.36264629103125,3.362719751571429,2.276809681,79.26961591847619,26.072920661904764,2.0391842350625,4.1857753274,5.364727383571427,246.36541003380955,81.90563928999998,6.179224848625,5.9420179049333335,72.26750432857143,24.33875819761905,2.07880610975,276.5467544733333,91.5408314295238,7.1411462574375,1.9133,0.1609,0.1558,0.15
AS5_Q0,Q,18,25.54367891904762,25.32817540952381,8.48290681847619,10.975577354999999,8.498181707190476,0.793242029825,17.69958750428571,22.21988891428571,10.460365976666667,198.51187815095238,44.206631469333324,2.3562196015,3.031752353714286,4.654651766714287,6.3175695056666665,210.5328716080953,40.58758118142857,3.3499922604375,1.88542196754,4.447431064809523,2.808063893047619,23.690920920476195,4.377149740809524,0.46579629183125,6.099690051380952,4.324884096761904,65.57129839509524,12.617101351476192,1.05918626114375,6.0181408882,7.770639714952383,118.76118391809524,23.05524408190476,1.9246159828250002,9.3786624276,54.63265518904762,10.492634455142857,1.026531334925,174.92776743904759,32.595792679523804,2.8286517410625,1.9047,0.093,0.0883,0.0844
AS5_R2,R,18,9.826576641857143,13.96734791661905,4.37254306247619,8.9995120992,18.00731136538095,1.50252025573125,5.11996764204762,9.001754170285713,3.932885113142857,180.38699023190475,69.33558146200001,3.4482663154999997,0.7352722727095239,1.660953181142857,1.0683305603666666,138.6530181802381,46.50367718619049,3.74533124275,0.7987471441933334,2.6940073739047623,1.4829589582857143,18.495308557285714,5.876911095285715,0.51771912723125,2.7695153100000005,2.0047489121428566,101.75405577347621,32.98368099809524,2.5432994365,2.6854877950000002,3.560037249571429,244.6596829595238,83.19782493238095,6.606378033375,3.5342980068666665,72.35370404142857,24.209619975714283,1.934713818125,282.5290495709524,91.31675375285712,7.1259080770625,1.9975,0.1571,0.1551,0.1501
AS5_S2,S,18,9.62188050847619,17.307785079523807,5.686451117190476,14.519552993399998,26.24058600952381,2.1367781310625,3.4042536077142853,7.490355991190474,3.4873577300000003,162.90798041809524,67.334623718,3.4557525874,0.3479855536,0.9310062244523808,0.8746492891238093,103.23003117180954,37.045403071904765,3.0174695254375,0.5084080894799999,1.8844339337619047,1.280031476695238,19.138285228571426,5.966624827666668,0.55911421589375,2.972145761857143,2.0875174544761905,93.34340825142857,32.28720442428572,2.4820784555,3.9297481062000004,5.0052777242857145,255.7037784147619,89.84718286666667,6.9542549548125,5.8487008572,78.96821076428571,27.398501396190476,2.3083542063125,297.06968543523806,102.4891083104762,7.790758579625001,2.0141,0.1363,0.1311,0.1251
AS5_T2,T,18,23.37140691857143,26.46316655333333,7.665943191476189,6.5806489942,9.548009326809526,0.78418034873125,15.71575360142857,22.058225812857145,8.13936583204762,196.35808112952384,50.041639201333325,2.4601403118,1.9812334719047617,3.4864545663809525,2.026108781523809,209.43764954714285,45.92209016809524,3.5471435115,1.2984543880666668,3.123482170619048,1.5669520072380954,14.722514142190475,3.3271082980476194,0.3103093216125,3.384621234142858,2.273250256333333,92.53158244895238,19.850218590809522,1.53574085610625,2.852185154,3.181752409190476,179.26340852809525,39.58156576619048,3.041292086375,2.4394561291333328,47.807459284380954,10.880718980333333,0.89754264794375,200.89682251809526,44.24596405095238,3.3217829093125,2.3289,0.1916,0.1937,0.1897
AS5_U2,U,18,15.398392405714286,24.523680641904765,7.230940364619049,10.2952172284,18.16740876152381,1.4598503746,7.056583381571429,13.793198358190475,5.381765206619047,225.18893332857144,68.362724814,3.3795800684,0.7517383027476192,1.8396294003809521,1.2823124556238095,172.16009384961905,45.51430157238095,3.567800872125,0.5919247368666667,2.0577835468095245,1.1005949803047619,14.647153582619048,3.7222992692857146,0.33499011863125,2.879081101619047,1.8456229084761904,87.81716096728572,22.6549856547619,1.7323360295124999,3.3149134634,3.912431353571429,221.9445742671429,58.38928794904762,4.449537754062501,3.8751720746666667,60.93721376,16.218582857095242,1.35453457391875,249.50280888571427,64.65975961285714,4.9319024828125,1.8252,0.1332,0.1271,0.1216
AS5_V0,V,18,18.038566862857145,21.535715603333333,6.353173414857143,9.322620202,14.043257963952376,1.20150246836875,11.123537018428571,16.023357527619048,6.095938341952381,205.26693674,60.722724406666664,3.1650379180000003,1.4447319564333334,2.5955146324285714,1.655183321,194.20522372333338,49.85963022095238,3.997001633125,1.1541291911866667,2.969555559571429,1.551041938,18.538017818904763,4.615925448333333,0.41674557515,3.5181430295238094,2.3188317957619047,98.92799089085715,24.708698364285716,1.91839151825,3.2137546059999997,3.7275685469523814,207.4605185252381,53.49791681095238,4.3071376085,3.2992372511999997,56.50685382947619,14.68921207247619,1.2290881907812499,226.51322083761906,56.372823261904756,4.515158832125,2.4247,0.1744,0.1784,0.1751
AS5_W1,W,18,12.628659747761905,21.61418596952381,6.533235777095238,9.8941020016,17.506442479000004,1.3615557512874998,5.299578541857143,11.408615929952381,4.682505880047619,158.48150403428573,58.30219701266666,2.8477248191,0.5068109915428571,1.2895211606666666,0.910446995752381,114.4639543595238,36.52882957285714,2.8787206186875,0.5716167321133334,1.9637480123809525,1.0440186318714286,13.97692062671429,4.280710243,0.39371437393125003,2.8101125670952376,1.8910955645238094,90.43764115204762,28.165771756190473,2.1285901144375,3.2727087022,3.9087026232857136,251.21635563761907,79.17061178619048,5.980717182125001,3.496498648266667,73.94590985761904,23.509635017619047,1.925393946375,287.96326646000006,89.42555599619047,6.76994614325,2.0629,0.1906,0.1986,0.1986
AS5_X2,X,18,28.4850055147619,24.475988524285714,6.846640768523809,6.1416491508,6.556875626238095,0.54403696770625,20.989820389523814,22.74190484809524,8.048306396904762,183.04209649285713,39.04645843466666,1.9743145584000001,3.0263658363809527,4.0682865211428565,2.1825188511904763,225.97636859619047,41.51084727285714,3.1808144971249996,1.4866394955933333,2.623656681619048,1.2409329782428573,13.613563991380952,2.50782565852381,0.23190412855624998,2.1806694724761906,1.3875054262857143,63.08455749042859,11.309587569476188,0.8713213074124999,1.2783319232,1.564910883,98.13002461457143,18.592569668333333,1.4395302981125,1.2390511273733333,25.35195502766667,4.73803450947619,0.39640938817125,106.46994639861904,19.209919474523808,1.4837017617750001,2.1916,0.1152,0.1175,0.1129
AS6_A0,A,27,14.460260573333333,21.855306171904765,6.3874070758095245,9.774712752400001,14.500866936333333,1.1642626112999999,8.074657622190475,14.73552840095238,5.729679107619047,184.14628500190477,57.940425872666665,2.8549117327,0.9104608127619047,1.9742568618095238,1.2402370146666666,152.5779883932381,41.68663860571429,3.2432779148125,0.8169593055799999,2.4586124931428572,1.2582343333428572,15.78254410195238,4.215715147142857,0.355462094775,2.984752813952381,2.014954351238095,96.9745636232381,25.61439841142857,1.969264157,2.8757329940000003,3.489789133904762,234.84682128523812,63.9627492090476,4.940505683375,2.9294053236666673,63.69069416723811,17.4685097652381,1.39309458071875,253.1399005747619,67.63932727666666,5.2702661455,2.2201,0.2173,0.2309,0.2296
AS6_B1,B,27,15.804789360476192,18.208613350476192,5.241928463857143,8.5099761006,12.249365170809524,1.0006303974,10.976010549428574,14.987793014761902,5.720030625666666,233.92424175142855,63.67097142533331,3.1489809035,1.692839923285714,2.901965129857143,1.7279892081904764,218.88935111190472,51.71162114857144,3.9556947350000002,1.20503632232,3.106605995333333,1.558221010952381,18.334209873761903,4.246096616761905,0.36807278543125,3.6339059784761907,2.324219743333334,98.87394609295238,22.77291384095238,1.7023080177,3.2393613813999997,3.555933702571429,204.50394049666664,47.89824485761905,3.587328106,2.877561950733333,53.56713728761906,12.789399714285716,1.11560362205,218.294231102381,51.060616991904766,3.9589960128749997,1.9526,0.1687,0.175,0.1665
AS6_C2,C,27,19.512209392857145,19.688053449999998,5.8705765065238085,7.6021893494000015,10.749863782809523,0.94963873178125,15.381738435238095,19.17953114333333,7.2600926671904755,209.8889208633333,57.804418691333325,2.9094170808,2.899380774666666,4.578671160142856,2.4092510541428567,228.52781899666667,54.68552852809525,4.430811196625,1.9591872534000003,4.812966891761905,2.3649603809523816,20.002327328857138,4.774277062571429,0.4365818295625,3.9631444272857137,2.7196349189047617,102.64168229042859,23.601679437142856,1.864580985075,3.0341727734000004,3.4328300951904756,179.93597144619048,44.50587735952381,3.6920902877499997,2.752956835466667,50.43795072490476,12.462132749142855,1.039780510575,205.8968057609524,47.72654342571429,3.6658565476874996,2.8991,0.3054,0.3159,0.3024
AS6_D0,D,27,15.442819004761905,20.371821676190475,6.181444440571428,10.1750771506,16.5873753,1.3431801199875,8.36353801552381,13.740684374190474,5.554389862809524,184.7659567009524,62.35735143066666,3.1131774425,1.0592896143619046,2.132943477,1.3450747102857143,158.30944128761905,46.509514399047625,3.7112668454375,1.00559659404,3.0049691541428567,1.557704692904762,18.000837212619054,5.224539847571428,0.47419717908125003,3.3209268819523805,2.357986069809524,103.17147449990478,29.015255473809525,2.239019893,3.5207464217999997,4.20978080652381,233.24519303,69.27628035857143,5.559456348562501,3.8203020890000006,67.52449912047621,20.18340360514286,1.7410043478125,265.901809967619,75.76594743285715,5.88197723075,2.4061,0.2923,0.312,0.3073
AS6_E1,E,27,17.841864495714283,22.435246468095237,6.5376318752380955,9.249476339000001,14.103355021904761,1.1312927044249999,10.541382835142857,16.157137735238095,6.275539806904762,219.36266303333338,62.96676127133333,3.0929837942000002,1.402179280871429,2.5952833778571427,1.5647423323333334,205.4830510309524,50.91612252714286,3.9874092340625,1.1163059513266667,2.7525780769047623,1.3890306211428571,18.09758232904762,4.447881358,0.4096236890125,2.875986405714286,1.9394512460000004,101.39671708019048,24.43393421285714,1.8356394544999999,2.4008629798000003,2.8709234055714283,207.6367134933333,52.066526958571416,4.0756599903125,2.293738222066666,54.62242015071429,13.78164868090476,1.1744868644375,224.19080543428572,54.90572865809525,4.143917962875,2.284,0.1677,0.1752,0.1709
AS6_F1,F,27,6.680049873571428,13.55173015595238,4.1629819188571435,8.765707875199999,18.34060142061905,1.45857252559375,2.9113393624285715,7.399079073142857,3.0905734810476186,124.62735403028572,59.28757146199999,2.9700184584999993,0.24882722753333336,0.7744855284619048,0.5948151931809524,83.05016472966666,34.415921801428574,2.778510309625,0.36915118892666665,1.6594774098095237,0.8790218801523809,13.493577730047619,5.293319861190477,0.443596981475,2.238736249047619,1.5675437790952382,83.1381752840476,33.23734914666666,2.5166441871875,3.188588238,3.7416536127142863,275.6045045314286,111.51439340095237,8.5112696583125,3.57197299,83.82243660714286,33.68510750380952,2.744022332,311.45506995333335,124.4562505147619,9.38957402125,2.1033,0.2237,0.2232,0.213
AS6_G2,G,27,14.361867224285715,16.29256271142857,4.841779436428571,7.699934387799999,10.975045500619048,0.8522967379625,10.561286971857143,14.899178867142856,5.928632032285714,238.8222614895238,64.82811380933335,3.1049429655,1.6237840424761905,2.8589641935238097,1.760644401857143,233.1504213690476,54.90249470285713,4.212509736375,1.22032018888,3.1425393876666665,1.6763558047142861,20.40956547142857,4.694603761142856,0.41250755171875003,3.732795363476191,2.3246295906666665,106.3792635154762,24.500970022857143,1.8900402933749998,2.8021844864,3.362028905380953,206.64318733809523,49.04681596333334,3.8018032610624997,2.965906254533334,56.28807117785715,13.324219158095238,1.11055708866875,230.0506590080952,53.5401416052381,4.1581081600625005,2.1851,0.1674,0.1753,0.1668
AS6_H0,H,27,10.264628478809522,22.465094565714285,6.75620431004762,8.9524634364,15.040681930714289,1.18808421495,4.016836938333333,10.775649616523808,4.309583323380953,124.7928252947619,45.56560287533334,2.2643409729000004,0.2990796637,0.9566629444047619,0.6875474055761905,83.95495271899999,26.986047426190474,2.1627594828124996,0.2945274593986666,1.2423888899999997,0.689395819390476,9.076403720190475,2.824019642095238,0.24639916233125,2.18348216447619,1.507405723857143,82.07980133271428,25.25395561380952,1.889053285075,2.5935973169999995,3.2475176991904755,248.2246720404762,78.05625025523808,5.8663486093125,3.1189961592666666,71.77829125190476,22.555401573809522,1.77500386155,281.7080637647619,86.70535315428572,6.697986870875001,2.3368,0.15,0.1558,0.1498
AS6_I1,I,27,19.778977620952382,21.600380987619047,6.392485050904761,10.410510350600001,15.883654389,1.3608143888375,11.20654355961905,14.953445116666666,5.762631121190476,222.90904890142858,64.920441692,3.2248400687,1.601524001095238,2.653411263571429,1.6264626922380951,211.13066050809525,53.4930982142857,4.22885140775,1.3791371942466666,3.3702663013809526,1.7706780887142861,21.780229886666664,5.373085918857142,0.4741185549625,3.3147216523333336,2.262736343142857,111.0971236203333,27.184285527142862,2.0776923448125,2.635745764,3.2156754221428567,215.20165901666664,54.90843364190476,4.2933061868125,2.794522515933333,56.58842590976189,14.466325055571428,1.1682350003,228.68369465952378,56.293226876666665,4.284288004125,2.3223,0.2183,0.226,0.2204
AS6_J0,J,27,15.159745125714283,19.07786555428571,6.024681068476191,10.3095200536,17.49086357214286,1.47111468765625,8.462652047809524,12.887087548190477,5.288417362095238,212.80547501476195,64.74997228000001,3.2662451745,1.4532835001714286,2.790012189190476,1.5766141299999998,176.71276173095237,46.72492853666667,3.7600518615,1.1953108906999999,3.606832334000001,1.7927922067142854,16.275458676904766,4.367059208047619,0.39602995105,4.175734940000001,2.9416793301904764,96.97600725390475,24.75792040047619,1.9513414204375001,4.1930808066,4.680333818761905,219.4818284619047,58.77500116285715,4.7341123819375,3.4811058361333336,59.679821926142864,16.45314589066667,1.3899791650000002,238.76152356476192,61.787936437619045,4.6829392016875,2.1957,0.2036,0.215,0.2108
AS6_K2,K,27,14.619764554285714,16.206033434285715,4.758298794428571,8.1918613432,13.870607353428573,1.1707549245000002,9.54636210504762,13.065893900809524,5.205020858999999,204.79800128190476,64.49292246466666,3.2737802505000007,1.6217871506190478,2.867179212047619,1.6123599381904763,196.1668463166667,54.02504076333334,4.2782488166874995,1.4130920568999998,3.946952535952382,2.010393085952381,22.612684000619048,6.072505848761905,0.54204626755,3.4370269661904764,2.466243216,115.13757585966667,30.931990896190477,2.3500835150625,2.8300803186,3.5609970320000004,241.7166734395238,67.29874847190474,5.31436967825,2.8997838020000004,66.1027208477619,18.48535964580952,1.5639292748,264.62195078285714,70.6249758395238,5.484851911875,1.9896,0.1945,0.1977,0.1909
AS6_L0,L,27,16.333111763333335,20.340861729047617,6.167937392380954,8.0517620076,13.649957815333334,1.13235472513125,10.789527575571427,15.879819597619049,6.07362967447619,219.43750077142855,61.14026260466667,3.0131697893,1.5636791729047617,2.985004231952381,1.7844186850476191,193.4030445654762,46.93261664238095,3.7386994808124996,1.1117760143066666,3.1622448761428577,1.5462865716190475,15.50148539338095,3.724981296666667,0.33797906525625,3.215267204047619,2.1760768720000003,92.73865858728571,21.656641141904764,1.6937180570875,2.8725391864,3.174292178333333,196.88453542952382,49.36631574999999,3.988209292375,2.6801150958666664,51.92955547957143,13.019707701999996,1.13216467575,214.8369036642857,50.63117962761904,3.88124996425,2.006,0.1919,0.1857,0.181
AS6_M1,M,27,14.407162257619047,15.979104631904761,4.800419330571429,9.889094257,14.68583279504762,1.254709210225,9.118949912809525,12.429019428095238,4.999558607666667,206.24521087523812,66.14077377400001,3.2679826498999995,1.4002828144761903,2.407551368047619,1.453973071952381,183.97812443714284,51.10454713714286,4.003462389125,1.36953431362,3.4935842127619052,1.834611665666667,23.310222739571426,6.25793702252381,0.54286634921875,3.3061606998095234,2.423038755095238,116.98398077166667,31.483140219999996,2.392835073125,2.7435521599999997,3.571729603238095,240.00934681761905,67.26973233952381,5.2369306833125,3.2979470411999996,68.56087993047619,19.065156029095238,1.5546892360562499,264.6128246766667,72.19276537095237,5.5257558375624996,2.4316,0.231,0.2442,0.2361
AS6_N1,N,27,17.453412283333332,17.240136782380954,5.005630913190477,7.2447902684,10.805872622142857,0.9167582038937501,13.580179532857144,16.73122337809524,6.286798499904762,247.64407781238094,65.25741500866667,3.2285254955,1.9146847725714287,2.926866270238095,1.793444151047619,264.3388570138095,59.95844532285713,4.6640354543125,1.3754587729266665,3.118399131809524,1.595914346809524,22.722616899428573,5.081758601333333,0.44123985433124996,2.9503016925238095,1.9537439119047622,110.12408148357142,24.499147005714285,1.8780255243125,1.8202415946,2.2767849080952383,206.8188959719048,46.938282829523814,3.5715778171875,1.6055557332000001,51.116556824857135,11.830097629142855,0.9883729014125,212.48202025000003,47.4773161752381,3.5067891776250004,2.2809,0.1428,0.1412,0.1337
AS6_O0,O,27,15.478928384761904,19.26157188428571,5.517946027428572,8.154482555200001,12.228929745714284,0.958410389775,9.96399250447619,15.107504617619048,5.673174858095238,235.82061749904764,61.877680461999994,3.0400024414,1.3914483843142857,2.643156624952381,1.5526420388571427,220.48842907333338,50.34438287619047,3.8483469635,0.9359450081333333,2.498439096285714,1.2179531994285715,17.127303509333334,3.7774159395714286,0.32303552795625,2.8238905043333338,1.783774427,93.36383731357141,20.98773120742857,1.5853648148,2.3863862514000003,2.7905041943333333,197.56576541571428,45.36904571190477,3.455763623,2.4733197292,50.987726413380955,11.666138149571427,0.9271504888375,211.65615500238096,47.6362081252381,3.6009645386874998,2.1431,0.1552,0.155,0.1474
AS6_P1,P,27,9.414519673285715,16.793252763333335,5.624020803476191,9.6659718516,18.539376122190475,1.48231902348125,4.361730053380953,9.783420880142856,4.539333513857143,167.03015496000003,63.01831563399999,3.1007994650999997,0.6850201885142857,1.9177410318571428,1.3973326853333332,124.08255018566668,40.65236118761904,3.249805472875,0.6741288741400001,2.946217332666667,1.6874513115238094,14.331428981571431,4.574549663714286,0.39326598400625,3.6659844149523817,2.7337263426666665,93.67428588242858,29.80629035523809,2.2939110174375,4.316110754,5.259583268904762,250.32976666904761,82.14481080809524,6.4072772565625,5.318959108933333,74.70930472380954,24.620535305238096,2.050279110625,290.5538311071429,93.64145060571428,7.137635320375,2.0595,0.181,0.1811,0.1752
AS6_Q1,Q,27,23.933309827142857,23.84166685857143,8.001317182809524,7.754289054,6.8627436047619055,0.6635143048875001,18.72951335047619,23.252741133333334,10.842229707380952,185.18395415238095,40.300417074,2.1390914202,3.7804574059047615,5.7304181144761905,7.071672519142858,205.23375392380953,38.58648963333333,3.168876208375,2.2527014334666666,5.263623805333333,3.1353326864761906,17.09279437238095,3.2364161298571434,0.35576587263750004,6.984893889714285,4.795657793761905,65.70067814680952,12.136283920380952,1.00337157028125,6.6411499024,7.825410706380952,115.93012981571428,22.026483717619048,1.8767591267499997,8.385736528999999,37.43286691428571,7.446411178095237,0.7786065805375,137.37118112333332,25.59158756666667,2.28039106725,2.0451,0.1168,0.1149,0.11
AS6_R1,R,27,10.029859678857141,14.189495857761905,4.441349222619048,8.8229002956,17.111250558619048,1.4246620535624999,5.332056386095238,9.401971476523808,4.039444548666666,172.0104401004762,66.68604253066667,3.3780030965999996,0.8182173200809524,1.8554107689047616,1.1542250429190477,136.06739907004763,46.038525536190484,3.76154712575,0.8963145513933334,3.075103078619047,1.6692664737142857,18.67798478247619,6.052561589571429,0.5262767169625,2.9998941762380955,2.2273898124761904,104.51541124180953,33.93540359666666,2.619506813625,2.8694375036,3.677567936190476,239.3509251742857,82.95988791095239,6.6813209355625,3.610395367866666,70.98606086333332,24.126190457142854,1.994168818,278.5028861009524,90.5158996504762,7.068169206312501,2.0653,0.1927,0.1952,0.1888
AS6_S0,S,27,11.75943774295238,18.910508155714282,6.214340437095238,13.5031864152,25.894274075238098,2.0639378355,4.360090766571429,8.656622409761905,3.993946779380951,183.49809178476193,71.03265330066667,3.5924634217000007,0.5336172978095238,1.2887220949999998,1.0819439121666667,125.60595648857145,42.34753772190476,3.441954694625,0.677150627,2.4818764414285712,1.5264994473809526,18.176436741333333,5.783122823333334,0.51135449111875,3.4102677163809525,2.4142936183809525,102.16166959671426,33.167373475714285,2.6009524911875,3.98334198,4.991078036285714,268.79407882285716,89.14532361285714,6.9757459016875,5.223278236466667,78.14841478666668,25.839459236666666,2.179469175625,301.2181745347619,97.9392149747619,7.4978781190624995,1.9827,0.1053,0.1057,0.1008
AS6_T2,T,27,24.36685652952381,25.748698007619048,7.447373753619049,6.529311656999999,8.755504971428572,0.74203757756875,17.885146777619042,23.492431276190477,8.635068507142858,194.19272754428573,49.143191782,2.4625940919000002,2.5130241030952383,4.1318269343333345,2.2849147205714284,219.67320279190474,48.14141509666668,3.7600359767500002,1.6367014965266664,3.749949546142857,1.9353447983809524,16.207412344142856,3.644609139047619,0.33792143688125,3.5875196685238087,2.538451535428572,96.67043895233334,20.564278192761908,1.5543184877187501,2.7972037793999998,3.1900828565714288,177.96675409190473,39.52541160571428,3.1127047239375,2.332779963733333,46.6168434047619,10.746600422523807,0.88790340350625,193.56123847238095,41.98072742285714,3.2309985011249998,2.2682,0.2164,0.2279,0.2248
AS6_U1,U,27,14.398164567619048,21.715320405714284,6.472949118809525,9.140634252199998,15.397579283714284,1.238829057675,7.078200045333334,13.070581254952382,5.136148248428572,208.8334780157143,62.19410375066666,3.0582159757,0.802178016752381,1.8354135466666668,1.2495792593666666,158.35709871357142,40.93410392047619,3.1877955050625,0.6409356276066666,2.10967152447619,1.0877525011761904,13.36347970447619,3.3795865831904757,0.29972131085625,2.844083104761905,1.8669576929047618,88.04332492757143,22.262012027142855,1.70363428443125,3.1635000228,3.719883078571429,216.7882621909524,56.220128376666665,4.287621975,3.4638714630000007,59.06219336695238,15.413881937142854,1.2835524827937501,241.1991804285714,60.9754510604762,4.633710905875001,1.9561,0.164,0.1645,0.1588
AS6_V2,V,27,22.871658506190474,25.357370467619052,7.610063280380953,10.9225859624,15.342390695476192,1.29212462535,13.37837201047619,18.134858177142856,7.030836218857143,223.6309157738095,62.984072876,3.1771944047,1.8970528670952385,3.1569215003809523,1.9653951212857141,218.16954499285714,53.06055214238094,4.275907367375,1.4547130902533332,3.6555014905238092,1.916424739952381,20.27631396385714,4.906465734809523,0.45065787154375003,3.9441223031904764,2.7020055452380953,106.43209624990476,25.242785226666662,1.955227077,3.5710502624,4.007610491285714,213.63035242142857,52.45603915666667,4.192302897499999,3.2864953517333335,59.39012336861904,14.715023630904764,1.16913790251875,238.3948329761905,56.65171559619046,4.3014453948125,2.3819,0.216,0.2277,0.2236
AS6_W2,W,27,12.031567028380952,19.419743400952377,5.862953492666667,8.5817411428,15.221093427333336,1.2334187664687501,5.724074738380954,11.582021394619048,4.617966175095238,150.42990393000002,54.66811854,2.7415932178,0.6003646524238094,1.4526367584285715,0.956195666704762,116.89165794704762,37.363072622857146,2.9690373093749995,0.67353704774,2.1974532887142852,1.1560510879238095,14.517368248238096,4.454869656428572,0.39162907096875,2.916826248142857,1.9562852325238094,93.48867749942858,28.64616221428571,2.1495731474374997,3.328935671,3.81184372447619,250.6084732790476,79.08473478285714,6.143899112625,3.2976442336666665,70.42864250428573,22.350855737142858,1.8315494731875,274.0272192285714,84.51639521142859,6.3529919386875,2.1971,0.2155,0.2286,0.2271
AS6_X2,X,27,29.194083350476188,24.04725565190476,6.869923137523808,7.584438610000001,5.776271093428572,0.4802763955625,23.449739638095238,24.10822387095238,8.718162491428572,172.5135966347619,35.264458084,1.7853224873000002,3.6384605906666665,4.634752568714285,3.2218813327142857,219.08585749142856,38.177668434761905,3.0187333225,1.7396429141599998,3.2294673919047616,1.5235691014285715,12.942410434857143,2.3444009564761905,0.226006540475,3.540561857619048,2.010255671571429,57.90139434280953,10.12617279285714,0.832677288025,3.5749461652,3.2769671394285713,89.64907804290476,16.440326031428572,1.36430266866875,2.939665683133334,27.692661875714286,4.912251903857143,0.48421309046875005,106.17884872190477,18.09947250114286,1.4064832999874999,2.3186,0.1226,0.1271,0.1217
AS7_A0,A,36,15.58396262142857,21.44939281904762,6.366688728285714,9.489881039,14.026857785380953,1.1685103178124998,9.079030558761904,15.202383675714286,5.895082950571428,182.1992262019047,56.72230224666666,2.8689316511,1.0309154164047618,2.1075791744285715,1.3083826248095238,154.44584283747616,41.73583621190477,3.285726152375,0.9511145452599998,2.695338623904762,1.3770776476190476,16.575063036380953,4.348740521095238,0.40269852243750004,3.0514711765238096,2.1034893251428577,97.98874513385714,25.70454765428571,1.915548577875,2.9105762482000004,3.6168540771428574,232.92734727190475,63.33329636666667,4.895549446375,3.034124882933333,64.92713896714285,17.667242595571427,1.4280403442687502,258.9327393452381,67.98346519523808,5.2078989296875005,2.4253,0.2457,0.2604,0.2575
AS7_B2,B,36,21.034486681428575,22.29224663761905,6.465507825190477,9.7073934554,13.861699966809526,1.1756564266687501,14.431626546190476,18.423060325238094,6.850959709714284,261.00195284999995,68.99410578399998,3.4354851483000006,2.478533137380953,4.042450939,2.260826916952381,267.8896347638095,61.6515513842857,4.8134768455625,1.722982239693333,4.216840130809524,2.093936222,20.861058031761907,4.722041516238095,0.4101537968875,4.381326743523809,2.811269430952381,106.67560791142857,23.92837383666667,1.809374481475,3.5407465458,3.8730016095714284,209.86957591714287,48.78825596380952,3.7937785835000004,2.9149585088666674,54.671153273380945,12.815825802238097,1.0966330171625,225.6128983757143,50.109511239047606,3.843491271125,2.2039,0.2275,0.2392,0.2272
AS7_C0,C,36,21.272437413809524,21.37048616857143,6.234271060809525,8.1764025678,11.189448288095239,0.98167061985,16.535503478571428,20.261355172857144,7.6570001556190475,212.26665419666668,58.06066945333334,2.9239096164,3.1773952529047618,4.949903261095238,2.554920298714286,239.18295764952376,56.90643546809523,4.5282825976875,2.0696586768666667,5.081408546047619,2.4615254346190474,20.530609653857145,4.853334801666667,0.43902359157500004,3.964420182333333,2.698144379095238,101.12928136442856,23.190754753333334,1.81977810329375,3.0142549992,3.4747214885238096,178.82719762619047,43.779931296190476,3.598065346625,2.7736669699333327,49.58024236152381,12.230035260095239,1.014865355575,201.31140963095237,46.51240612238095,3.7932465374374997,2.8779,0.322,0.3378,0.3259
AS7_D0,D,36,17.87495604047619,23.315191813809527,6.945072991761905,11.6528407082,18.433267955904764,1.5113412030125,9.192101977714287,14.897877375238092,5.941749709,193.6662054042857,64.28080215333333,3.2803408146,1.1793183031476189,2.3337660175714285,1.472891801904762,169.20601217476192,49.05617332380952,3.9379308372499997,1.0764227907333335,3.2146750404761906,1.6514153424761904,18.830775907714287,5.455710933380953,0.50144942478125,3.322120700619047,2.3877312456666666,101.95152798423808,28.400549117142855,2.1894753351249996,3.4826525690000003,4.1852470012380945,235.39698209809524,69.12436930285715,5.48039315625,3.7757704417333335,68.24349394571428,20.088138172190476,1.724758028925,268.5290619942857,75.29808371380953,5.6877704711875,2.3356,0.2971,0.3223,0.3182
AS7_E0,E,36,20.28945296047619,23.20463144238095,6.651444298714286,9.2860778818,13.559483347619045,1.1056186556937502,13.024687086190475,18.320016043333332,6.824644315809524,222.73819737857144,61.95755131933334,3.0467188359,1.802863092619048,3.0846645604285716,1.7594647635238096,224.37716375000002,54.10515767142857,4.233241230312499,1.3638010224266668,3.2634261336190478,1.6057120787619048,19.713338885714286,4.716494299047618,0.41105415859375,3.211168187047618,2.1198100477142856,103.97199446814287,24.378285272857145,1.8216539099375,2.5852316378,3.029777401952381,211.27461324428575,51.75717281095238,4.062614887875,2.4269655226666673,55.23357736438094,13.660100414142857,1.0837117749437502,226.54541887904765,53.55933906857143,4.20117048925,2.4019,0.239,0.2494,0.2426
AS7_F2,F,36,6.8560670898571425,14.594632966999999,4.593395210333333,9.615210247,20.25984913842857,1.63245576618125,2.983573493476191,7.681609653380951,3.2410835197619043,126.71414316761904,61.79919687933332,3.114716339,0.2687916698904762,0.8252005321619048,0.651101752395238,86.33318651571429,36.71681004571429,2.9754851236875,0.3721576333133333,1.7390314625714285,0.9459863617809523,13.945965312809525,5.624600716952381,0.473471883675,2.2548932347619046,1.5831061318095236,81.91232485733332,33.729689462380954,2.628341719625,3.1517603398,3.6957210813809525,269.6665117114286,112.72533743952383,8.645849407250001,3.4449874877999997,81.95206329333332,34.201189404761905,2.7539777309374998,307.0781675061905,125.89632088809523,9.3646845220625,2.1053,0.2125,0.214,0.2046
AS7_G2,G,36,16.970287958571426,18.235519727619046,5.182811725761905,8.0482295032,11.07271080890476,0.89617708703125,12.330987702857142,16.40739045714286,6.191003277190477,237.8051256019048,63.423850505333334,3.1381789445000003,1.950714349761905,3.216748271619047,1.885920660761905,246.88208925476187,56.9597193404762,4.3377970010624995,1.42330495118,3.5560893218571428,1.7658275194761905,21.064018703761906,4.802840902714286,0.3997254623,3.9575553280952382,2.4554775612380957,106.24535102223811,23.93606731,1.8005135954375002,2.8505099774000002,3.4104383672380942,207.82099451666667,48.14909335571429,3.6819671986875,2.8495762506000006,54.4590385527143,12.641273952095238,0.98043490944375,221.81797876095237,50.400759197619045,3.8760575205000003,2.2369,0.2233,0.2367,0.2254
AS7_H0,H,36,12.233995709666663,23.200516745714285,6.842088903380952,9.029518890999999,14.71414772638095,1.2265900857125,5.2885319391904755,12.217047146666665,4.747345686000001,126.76438041499999,45.64073638866667,2.324015665,0.39523079494761904,1.1095550458142855,0.7607884974714284,91.03626262814285,28.585306076190477,2.319160886125,0.44358531335999996,1.6067864158095237,0.8438339489,10.666584956952383,3.282047197857143,0.2979136603,2.5090950103333336,1.746570643904762,89.69737184585713,27.120399157142856,2.0702823846875003,2.7411107063999998,3.3575936840000002,256.27546874142854,78.84740011952381,5.998727977375,3.0000269888666664,72.55255118142857,22.29099450757143,1.7514899856312498,285.83221807999996,86.13003558238096,6.5572468339375,2.5155,0.2141,0.2226,0.2123
AS7_I2,I,36,21.555157343809523,22.965347744285715,6.817518733857143,10.979974459600001,16.12032695004762,1.29455318306875,12.39900852333333,16.103858176190478,6.206396920333333,228.18581507142858,65.41489537533333,3.2586289645,1.8150281566666668,2.9270802906190476,1.7713380711904763,222.77520611714283,55.24189340571428,4.287374228187501,1.4955145756466668,3.6011437346666666,1.8702813328571426,22.347891330714287,5.4606388070000005,0.44981989078124995,3.428097032333333,2.332262544380952,111.34039820395236,26.88213984238095,2.029205858625,2.7053430558000002,3.230461495333334,215.52668204761903,53.97167550904762,4.17253643275,2.811015605933333,57.26039768490475,14.565804686523812,1.175301730675,230.66251772904764,56.2311618442857,4.302790790875,2.4174,0.233,0.2436,0.2381
AS7_J2,J,36,18.89508238333333,22.990658487619047,7.051728771142858,11.869819068199998,19.342511631,1.61837441473125,10.36567193047619,15.257856323809525,6.117412703333333,229.53465094571428,69.694233704,3.5132364272999994,1.8552201304761904,3.454421860952381,1.8832946334285714,206.52339894476188,54.33169737238096,4.3290811031875,1.4262186685666667,4.332516783809522,2.1116014094285713,18.54928135904762,4.926730224000001,0.461294552325,4.569840113333334,3.2103306566190475,101.56003563823809,25.714382898095238,2.0198882593125003,4.354111480599999,4.817291486952381,222.16721094666667,59.38138616666666,4.79897749425,3.5216908773999998,60.08917663228573,16.531053157904758,1.45820375161875,241.96471676714287,62.033859525714284,4.9325466601875,2.247,0.2447,0.2593,0.2532
AS7_K0,K,36,14.95284661809524,16.783833594761905,5.040507736619048,8.4541668896,14.379362764666666,1.24105615545,9.815847578476191,13.616791680095238,5.372231052,198.0609996447619,64.89822667399999,3.2858561039999996,1.672978038,2.9900287107619046,1.688656142857143,190.67758914428572,54.42289443190477,4.3403899669375,1.5120295683,4.224652119999999,2.1468181440476193,22.79729722733333,6.379181964047619,0.5692650861749999,3.5305021376666663,2.5235740229999997,112.05640917461903,30.896530468095243,2.3505271375625,2.9225759982,3.4444944291904767,234.36379178095237,66.70658129809523,5.296842709125,2.939251693,63.7917728005238,18.50887066957143,1.62401774155625,255.1418865723809,70.90835571285714,5.4205703736875,2.1353,0.2313,0.2357,0.2272
AS7_L1,L,36,17.57759503047619,21.25668453047619,6.35625339695238,8.3427283282,13.612642969857145,1.0972437820562502,11.845884641190477,16.84813186190476,6.436441489571429,222.2314580747619,61.21569264666666,3.1003451822,1.802307004,3.3193426245714286,1.887920822333333,202.91974939285717,48.788924990000005,3.898256286875,1.2406974951866667,3.462621291476191,1.675857612095238,16.170176040523806,3.887218316333334,0.3523021861875,3.444263594476191,2.222778138666667,93.77660009085714,21.755175181428566,1.7040837593437501,2.8073642253999997,3.1753093629047617,199.0533687,49.39148793857142,4.0346871166875,2.563363067333333,51.61909787128572,12.85949593409524,1.119539398675,214.37348537761906,49.68117650380952,3.8572122454375,2.0632,0.2185,0.2147,0.2091
AS7_M2,M,36,16.71214317190476,17.479034787142854,5.249588784761905,10.1294898986,14.804374853380953,1.145801573975,10.49153132652381,13.415088426571428,5.277017048428572,205.63423460904764,64.87476704933333,3.2304949282999997,1.6220408734285714,2.6193255015238095,1.5321923835238094,187.44824949714285,51.09151813047618,4.018198341125,1.5991061330066672,3.9435772328095235,2.0334132399047617,24.502443064238097,6.4455165863809505,0.56549851595625,3.527139641,2.5947545029523806,117.4210140717619,31.07776546523809,2.3826224802500002,2.9271714686,3.776946431142857,242.33246504142858,66.7381981433333,5.225376754999999,3.1864688237999994,68.80501737904763,18.788079762047616,1.57436070969375,263.6387679657143,70.11361730666668,5.211342185687499,2.4571,0.2835,0.3014,0.2905
AS7_N1,N,36,18.824022383809524,18.885089827619044,5.551513331333333,7.881112194799999,11.396391232666666,0.88720536046875,14.066980542857143,17.259792146666662,6.607749189666668,247.43935403666669,63.283970388666674,3.1269311667,1.8969673316190476,2.986041227952381,1.8594004766666663,261.9221303928572,58.12917491333333,4.44537344575,1.3309049884933335,3.1015111718571426,1.5949996084285711,22.14737998819048,4.853576444428571,0.40733968186875,2.9281834874761907,1.9847364822857143,106.3779704965238,23.180150894285713,1.7631455660875002,1.8311859846,2.361996764142857,207.24551631999998,46.42728097142857,3.5368256344375,1.7318193596,52.95464125061905,11.999819529285714,0.9316311162375,222.29019392285716,48.326195125714285,3.4976472333124997,2.3157,0.154,0.1544,0.147
AS7_O2,O,36,16.491732824285716,20.480914342857144,6.089621294095237,8.513879680399999,12.906236535095239,1.067099425925,10.090054920476192,15.30152161904762,5.894427072428572,235.0284431604762,62.21608250866667,3.1188479184,1.4173182873809522,2.652708291952381,1.5606749227619048,215.01323799809524,49.492779414761905,3.8332068621875,0.9213123499733332,2.5081639402857143,1.2697926815714287,16.293072199857143,3.6719255220000004,0.33521866611875,2.677957375809523,1.807292904095238,90.69225615828572,20.384314809095237,1.57324814046875,2.2344654559999997,2.767195349666667,197.75696841380952,45.76378786000001,3.5440645961249997,2.2701074044,50.85827364228571,11.827713376,0.996843338025,213.2358917533333,48.09910347428571,3.5747191309375,2.2422,0.21,0.2141,0.2054
AS7_P2,P,36,11.48882875057143,19.3036095752381,6.400780700523809,10.201137543200002,19.361485028285717,1.59831739595625,5.930696691809523,12.125394547761905,5.324402037095238,174.99036761857147,65.60189997466668,3.3329354763,0.9697257053380952,2.562456823571429,1.6702351626190475,145.6649238992381,48.06977317380953,3.9012426585625,1.0304411570333334,4.015671605238094,2.238343954095238,17.018990221190478,5.460339387238095,0.49059698916250005,4.418671381047619,3.1676528340476193,101.64577693009525,32.36194274619047,2.5324008986875,4.667765140599999,5.2468468121428575,257.0878250423809,84.70919890285715,6.6675068889375,4.885333649333333,71.53237983571428,23.676849319047616,2.0034614653125002,281.3386846247619,89.55431311095238,6.90346908575,2.1235,0.224,0.227,0.2194
AS7_Q1,Q,36,26.528856640952377,26.690763200476194,8.71471271104762,7.379656600999999,6.964212360761904,0.635938411575,19.939423016666666,24.936333066190482,10.94103213742857,179.6797054842857,38.64537022933333,1.9711239099,4.0073084150476195,6.120489188571428,6.770572912904762,206.4615833104762,38.43257913095237,3.1385937109375,2.25444112624,5.3977644556666675,3.0565441903809525,14.832424980857143,2.895939037857143,0.29125052783125,6.644714945761905,4.487371194952381,63.65789579642857,11.580985932142859,0.9391803668125001,6.0865068434000005,7.277013619619047,114.98419307380954,21.722666422380954,1.7661058455812502,7.836281872,34.55742958571429,6.885458435285715,0.772502486575,129.71801575285713,24.13801193190476,2.0386637299999997,2.2129,0.1401,0.1412,0.1371
AS7_R1,R,36,10.406997862809524,13.244415692285713,4.126156727428572,7.6791893966,15.013892695904762,1.2922004275874999,6.250590460523809,9.751108850142856,4.10488396595238,166.80913171761904,62.92463658600001,3.195540929,0.9702512480428572,1.9833384354761905,1.2091505299857144,137.9172470922857,45.50512195809524,3.709578461875,1.0813541332933334,3.4653053964761913,1.8234312705714286,19.633951391523812,6.2955889474761895,0.5585283823125,3.12888579147619,2.3302282322857146,106.11189549652383,33.540115537142846,2.6338652371875,2.786903429,3.674262387428571,242.70904259714285,82.68410710238096,6.8033493458750005,3.475769201866667,70.9555510957143,23.718176252857145,2.0393763407499996,279.73255684619045,88.39232090809523,6.9549202920625,2.2104,0.2266,0.2322,0.2235
AS7_S0,S,36,13.929265384285717,20.65110983095238,6.725090095142856,13.9774291996,26.71111029571429,2.14594453575,5.47135804947619,9.890262784809526,4.428041356,192.72583856809524,73.59496968666667,3.7408182382999997,0.693567056052381,1.5380033596666665,1.1875018079761903,140.9413347697143,46.77293286952381,3.7882416398125,0.9293120702066667,3.011643818476191,1.7886863777619049,19.991198426047625,6.392632609380952,0.55109472015,3.745532944047618,2.7119911170952387,111.96973380485716,35.98868370095238,2.7174048795625003,4.2227208138000005,5.084255899761905,274.55782218095237,90.13003230857143,7.0542976405625,5.154852739933334,79.6275887752381,26.103534426190475,2.1409163921875,307.3023038628571,98.42108971857141,7.587945610625001,2.1514,0.1638,0.1656,0.1583
AS7_T1,T,36,26.737798327619046,26.28250167380952,7.401753811428571,6.6366532326,8.945458662619048,0.800167471125,20.17366690952381,24.501592999523808,8.694323540285714,194.10662719238093,49.17289276066666,2.5511847377,2.8246826443809523,4.270316578095239,2.3558132649047616,229.92563093999996,50.32190322904762,3.996591389125,1.8011213977466667,4.007484776571428,1.9894885732380954,17.304091748285714,3.9060590380476192,0.3546174680875,3.647108498095238,2.516206718666667,98.27060960390476,20.869486218047616,1.603974543575,2.7376804352,3.1406576973333333,184.07554527285714,40.604209445714275,3.163363114,2.2693324963333334,47.637626329571425,10.892994675333336,0.94334353873125,198.44350138666664,42.663559687619056,3.3360781221874998,2.4152,0.264,0.2792,0.2748
AS7_U0,U,36,15.440319424285715,22.32551079666667,6.654583862857144,8.844273471600001,15.603304226666664,1.2966318056375,8.000784238190475,14.279030164285714,5.55391191295238,214.94579673857137,63.36296030666666,3.1249512435,0.9480547792047619,2.1080571979999996,1.3609137706190477,173.03065922166667,44.33596093285715,3.5003679618125,0.7484753648466665,2.427346961857143,1.2480304554619048,13.950825463857143,3.557669412523809,0.3217189759,3.1449120270476194,2.0433869021428572,89.86402942938095,22.567926316666668,1.7256736567375,3.2897914886,3.69283165252381,222.34815656999996,56.97499629380952,4.4047127365625,3.271591091266667,59.37388553861905,15.482926165095236,1.2889346330937501,246.1423218166667,61.88890248380953,4.75646260375,2.0936,0.215,0.2153,0.2068
AS7_V1,V,36,21.53664598047619,22.90954567095238,6.896159376666666,9.761365509600001,13.651793002714285,1.16001052036875,14.303774015714287,18.506541343809523,7.029649916142857,210.9624774595238,60.27018661533332,3.0468810082,2.1262469632380956,3.3519276437142853,2.006628984571429,217.0672477947619,53.92260206238094,4.3509754539375,1.67405532584,4.025333642857144,2.0801544132380956,20.910999070904765,5.124495438142857,0.48813174013125005,4.039468401904762,2.809267623142857,106.02340964785715,25.402324948571422,1.9987677709375,3.5349249362000004,3.932807127666667,208.35559644285718,52.25381469761905,4.1983580143125,3.1347517014666666,56.34146227214286,14.240231514142858,1.22100907933125,225.73463239333327,54.25167111095239,4.1915834918125,2.541,0.2618,0.2766,0.2702
AS7_W2,W,36,15.598909603809526,23.829907234285717,7.20522444557143,10.5864795684,17.964256695285712,1.4871416278625,7.738833586238097,14.564557165714286,5.761017595142857,176.8846947795238,63.12251892066667,3.2319281576999996,0.8296114887142856,1.9511263086666664,1.2579165697142858,148.6227540550476,46.406578336666676,3.76595348125,0.9061466892266665,2.823428347,1.4705818267619049,17.42909147547619,5.316746495904762,0.46620768495,3.362178632142858,2.2205788919047613,102.06978343471431,30.768708274285718,2.3854690789374997,3.5042800426,4.056252173,264.901955642381,82.4412849,6.4233678731875,3.4732557773333332,74.07551430190476,23.05319985952381,1.9639060795,290.9187321452381,87.00882158571429,6.590284839375,2.2809,0.2446,0.2622,0.2598
AS7_X1,X,36,30.281973249999997,24.69375474047619,7.093597094619047,7.4501075740000005,6.210493451047618,0.56758708691875,24.79503014095238,25.052009855714285,9.024582159190476,181.83020686714286,37.770932388666665,1.9217064856000001,3.989117701809524,4.877731777285715,3.031732105047619,234.92633964952378,41.721880049999996,3.3185829743750004,1.8830742835333334,3.3813066822380953,1.615730853238095,14.103145429095239,2.5547554435714295,0.2401201408375,3.0052594003809525,1.8688841718095237,62.10704847857143,10.916985897380952,0.8557468950624999,2.333422184,2.2908534265238094,96.88846674104764,17.95279675352381,1.4681603499375,1.7432530800000001,27.020858015619048,4.799412477619048,0.44611974710625,107.7859878509524,18.63042150242857,1.4707258827875,2.4275,0.1772,0.1837,0.1751
AS8_A0,A,45,15.721269789047618,20.731749943333334,5.954352515095238,8.9990256316,12.970269453190475,1.0823504086187499,9.846422535809522,15.707435108571428,5.858615648142857,180.5716542804762,55.179744719333335,2.8104948995999997,1.1472452196619047,2.2340581360476195,1.3373094060000001,159.94332050333335,42.67972764476191,3.3806484041875002,1.03610176038,2.855814490952381,1.4172592617142856,17.286385831619047,4.502451976047619,0.39077619649375,3.1851396901428575,2.165251947666666,100.8300035995238,25.914008549523807,1.9874113872499999,2.875920582,3.4832168420000005,238.86477279666667,63.630790437142856,4.9288295208125,2.959113423,63.76458744828572,17.026667254095237,1.4030229077125,249.70347650714285,64.76345125857144,5.0052053035,2.3118,0.2417,0.2604,0.2579
AS8_B0,B,45,18.231351806190474,19.604600408095237,5.673653284809524,8.045750903800002,11.767121496333335,0.99097583073125,12.708795047142857,16.637644450952386,6.195180711285714,229.28261475095238,61.73207727999999,3.0477620125000002,2.1604128224761907,3.5039870285714287,1.937374359095238,225.7137836757143,52.40592920190476,4.0599606185,1.5690925837133334,3.8565873531904757,1.8979468687142862,18.53195828504762,4.279919488047619,0.39427870233125,4.205451965380952,2.69551884547619,100.34472415909525,22.767526490476193,1.6986701115437501,3.4973735332,3.7685366019047617,204.30912263714285,47.44338444333333,3.6482799947499998,2.871012322,54.38050079528572,12.934334550619047,0.940007606525,222.65291060047616,51.14714004857144,3.982603684125,2.2407,0.2361,0.2518,0.24
AS8_C2,C,45,22.084497087619045,20.78703884904762,6.086980047714286,7.8480249398,10.339743047619049,0.8866509757875,18.37661943047619,21.255523680952383,7.95637911842857,212.32873549190472,57.04529189999999,2.9123825548999998,3.5970456033333327,5.303382453428572,2.6836815675714285,242.23239512619048,56.626749764761904,4.5444596708125005,2.4491544007999995,5.626165367190476,2.7074758382857147,21.702650671904763,5.092542432666667,0.45941421294999996,4.328781116428571,2.995298215285714,107.43338773552382,24.205926895238093,1.8481051473124999,3.1377444266000003,3.5641105400476185,183.6053995847619,44.141769227619044,3.6123784035625,2.8667074361333333,50.11465871828572,12.175447850619049,1.0446176920499999,202.04872898142855,46.02150054047619,3.7481345684375,2.8076,0.3268,0.3453,0.3305
AS8_D1,D,45,18.211727007142855,22.85636252571429,6.897625219333333,11.0205390924,17.301938283619045,1.464724905725,9.990650631190476,15.639715149999999,6.175340311761905,189.6917176414286,63.46821975666667,3.2028353690999998,1.386526530752381,2.6603404680476195,1.594105607047619,173.29495996619048,50.53688303571429,4.03694847225,1.2893260916933333,3.7095360983333334,1.8999380497142855,20.095533620857143,5.835333369952381,0.5412087607937499,3.6769906225714277,2.5667945657619047,106.21289387080952,29.89754340761905,2.3551376834375,3.5704223634,4.330865258285715,231.04694856428566,68.4964619595238,5.54766298825,3.9120055676,66.11801597095238,19.900174595857145,1.7110075018875,257.50318372333334,73.09331530523808,5.723058715375,2.3816,0.3132,0.3424,0.3362
AS8_E0,E,45,19.280811310952384,21.947973114285713,6.4234547613809525,8.9090919496,12.968019781,1.1106352210437502,12.772657575714286,18.047201702380953,6.807446071047619,214.98231892476187,60.80668182533335,3.0504131317,1.7702879053809526,3.0125884101428575,1.7709140437619049,211.14968527333335,51.67917905619048,4.13379015025,1.38097487304,3.315013567714286,1.679581835142857,19.32629972442857,4.739137490619048,0.434048146,3.2297519843333333,2.1946073770952386,102.9422816797143,24.502750033809527,1.8786079510625,2.5683299064,3.038415261714286,210.13100087666666,52.370893569047624,4.13142907625,2.4613330841333334,55.836318674809526,13.887584595666665,1.1275984122,227.77576746523812,54.70187105380953,4.124121412625,2.4482,0.2261,0.2401,0.2325
AS8_F0,F,45,8.945478053428571,15.840016819523807,4.881938661904762,10.3073581694,20.503333547285717,1.6648450864875,4.176130964666667,9.058752582,3.673666806380953,142.21129312619047,65.197418722,3.2814079998,0.3915118000238096,1.0470912286142857,0.7606030730761905,102.75854762023809,41.31190272714286,3.3120848238125005,0.57830601534,2.2485792750476192,1.1838091867666667,17.245961280476187,6.5849003223809515,0.54789250901875,2.670031365857143,1.9415500335238096,98.9425759254762,38.30681328523809,2.9288728684375,3.425219345,3.993344545380952,283.7622740676191,112.24504307523809,8.626327664000002,3.7342129706000002,86.83408087619048,33.925452731428564,2.7321835235000003,325.6338956904762,124.72337322428571,9.4866000111875,2.1447,0.2262,0.2313,0.2209
AS8_G1,G,45,14.963276545238097,15.309569403809524,4.313118752904762,6.580126571599999,9.078610716047619,0.73208503799375,12.325889588095238,15.53401856142857,5.942754632000001,221.12935015761906,59.07681477866667,2.9153449774,2.1307871569047623,3.2833682014761907,1.8753522521904766,233.65665744380954,53.864849907619046,4.1285764724375005,1.5922165989933332,3.7516460645714282,1.8576469761428573,20.7705907362381,4.753350428333333,0.39832026231250006,3.964870259857143,2.464769238571429,107.1222277150476,24.07134719,1.8181070908124999,2.7338076113999996,3.2379820120476186,204.30775633333334,47.37435013904762,3.631966725,2.6201958020666667,52.71354545928571,12.493093263238098,1.00467303030625,214.39295945476195,48.90880366619048,3.6768033429374998,2.3797,0.2007,0.2178,0.2038
AS8_H0,H,45,10.999642962285716,21.939167021904762,6.711771579238095,8.8553562166,14.435455753285716,1.1938629113,5.1910712605238105,12.448485419285714,4.920410122238095,131.17333743766665,47.70263061466666,2.3995620491000005,0.40831240444285716,1.2025082878761904,0.8361920373666668,98.24348206738097,31.314001537619045,2.5360628216874996,0.42665083210000004,1.6461872260000001,0.8829272985761906,10.899089847238093,3.3769474256666663,0.29984726198125,2.426731052809524,1.7586866731428574,87.42877351561904,26.773744671904762,2.050929367625,2.5826739788,3.381987197047619,250.89094960999998,78.72081012190476,6.058804630875,2.958071526,72.41047732142857,22.806595031904767,1.7658746205625,285.3314188195238,87.77832993857143,6.681601271125,2.5575,0.2099,0.2205,0.2105
AS8_I0,I,45,25.405705134285718,24.68835585428571,7.3885261901428585,12.2747279162,17.618450664238093,1.4712773114562498,14.682967866666667,17.487823122857144,6.750325293666667,246.95056524619054,70.77776235,3.5015308381,2.2649135022857143,3.309725613714286,2.0106031497619044,250.05754466428573,62.15669586619048,4.865943193374999,1.9101541995333333,4.220270894857143,2.214631245285714,25.78222944552381,6.335146154666667,0.5500022843375,3.7057634193333335,2.654665947,124.15778886485718,29.738443374761896,2.2986809611875,2.6734164714,3.285872186952381,216.73549039333332,54.54328645904762,4.28662876775,2.8606797536,58.15749372814286,14.641405491523807,1.28984311225625,234.6500610152381,57.37547665619048,4.342457488312499,2.3875,0.2444,0.2591,0.2523
AS8_J2,J,45,19.26940209619048,22.688444182857143,6.8587101752857125,11.212989900599998,17.984100796047613,1.56569192169375,11.01795123852381,15.852833111904761,6.233383360380952,224.68276986666666,67.77480824733333,3.5064455508999997,2.032855124714286,3.676395802333334,1.9536553054285715,205.88556874999995,53.81943993380953,4.3254248798125,1.6568206150599998,4.705601465190477,2.3283468314285716,19.145198175047618,5.1061008769523815,0.4647769536625,4.778625283857142,3.409154165428571,102.25178634166666,25.82314118857143,2.01575009145625,4.3487034796,4.97114828657143,220.52733003142862,58.88452911428571,4.7597676515625,3.5689778645333328,60.216892741142864,16.54243087780953,1.462809827075,240.10593495952378,61.31464295190476,4.8938301354375,2.2343,0.2496,0.2669,0.2595
AS8_K0,K,45,15.710282234761905,16.532381737619048,5.041069836857143,8.317623234000001,13.743879000333333,1.1135801412375,11.136276471666665,14.649925504285715,5.740066074142857,208.11796338571426,66.12234242733332,3.3740968705,2.0376297462380952,3.413940622666667,1.9110925822380953,206.58409977047617,57.20809209952381,4.5712414085625,1.8048806706933334,4.814602045761904,2.4680132752857142,24.831592468904763,6.804392054047618,0.58998527746875,3.8266091460000005,2.747395243,118.48724342038096,31.51176811333333,2.4393604025625,2.8923468590000003,3.5557045822857143,242.41697919809528,67.8021296547619,5.3965661229999995,2.9808535894000006,65.72511841185714,18.553238686714288,1.55675573645625,262.6518569204762,70.38704862904763,5.5164382906250005,2.2369,0.2374,0.244,0.2348
AS8_L0,L,45,17.46490714571429,19.594941275238096,5.785956462190477,7.535831928600001,12.313739390714286,1.0528763421375,13.301619439047618,17.71497781095238,6.685894353000001,220.70908941,61.43033727,3.1896209238999997,2.138976505809524,3.7037862142857145,2.0374305360952385,209.6522789947619,50.920239493809525,4.148859798937499,1.534761253993333,4.074994847904762,1.997804795047619,17.875762666809525,4.303279581619048,0.39704153314375,3.7652957780952385,2.537567831190476,101.8952629217619,23.66713778190476,1.8741757794375,2.9136722088,3.391260044904762,197.21286510523805,49.71838851190476,4.090536907375,2.6264830431333333,52.662462327142855,13.325843129190476,1.1615028289749998,215.24087878428574,50.76719938000001,4.008341968125,2.0738,0.2115,0.2122,0.2073
AS8_M1,M,45,15.282796633333332,15.42921979047619,4.5625043709523805,9.1317666044,12.583849611523808,1.0260946750875002,10.955639838238094,13.696206002142855,5.2860150791428575,195.9976320247619,61.60008875466667,3.0987916231,1.7889261415714284,2.7964374904761904,1.5826722553809522,188.30658281809525,51.80731718857142,4.156843870875,1.7711482167933335,4.250196524904761,2.149351801190476,24.97576531785714,6.66961741447619,0.5779469423000001,3.6321452457619046,2.597382852,117.37475976014284,31.051281928095232,2.4034156875,2.9093935966,3.6928729330000003,243.22175016095238,67.8751424147619,5.404556855375,3.2470808823333335,65.96415038666666,18.16348262004762,1.55103637269375,253.5200903795238,67.70697284952381,5.2264342755,2.5302,0.305,0.3305,0.3178
AS8_N0,N,45,20.680649801904764,18.606886863809525,5.397534881380953,7.5946921346,10.957990328095239,0.9454145319812499,16.515817459999997,18.41842705952381,6.863272258190477,249.92666503285713,65.11982142066667,3.2420459985,2.3765269460952383,3.34022090552381,1.961835543380953,268.28181593761906,60.242636906666675,4.6711880415625,1.8361446619199997,3.8123546215238093,1.947983628190476,25.367206890380956,5.603919403904763,0.47104152571875,3.381104230952381,2.287684338380952,122.0715446507143,26.715827534285715,2.0305373742499997,1.919711399,2.427128360380953,209.58347120761906,47.127217701904755,3.660251304625,1.7670916080666668,51.86797918542857,11.715553488857143,0.90601128340625,213.89400468190476,47.03668067523809,3.6357792690625,2.3428,0.1547,0.1586,0.1503
AS8_O2,O,45,19.519011632380952,20.342042697142862,5.928600651857142,8.2237442022,12.394069081380954,1.04590546715625,13.47619778904762,17.264243399047615,6.575185594142857,248.3397402547619,65.58369293333334,3.2688801526999995,2.0841909363333335,3.2612848508095236,1.838431585380952,239.3268466780952,54.37341372238094,4.2314168663125,1.529273470213333,3.385185241714285,1.681448050809524,20.018600304190475,4.5374287764285715,0.38975695241249997,3.489988781142857,2.3323922894285714,111.02230446766667,24.596145766190478,1.867521047625,2.5215647698,2.9660466170952384,201.2763271390476,45.98250443666667,3.560900434875,2.376945837333333,52.0218378472857,12.002805709809522,0.9730990492124999,216.41983690571428,48.2259417942857,3.7315080463125003,2.3345,0.216,0.2277,0.2169
AS8_P0,P,45,11.877405074761905,18.726941880476186,5.917148930571428,9.277097415399998,17.057065191619046,1.38194416465625,6.467428911380952,12.63554028052381,5.287053698714286,170.10355558952378,62.16314900733334,3.1396493436,1.0883172182809524,2.657863003857143,1.587338232,142.6704493927143,45.62876038333334,3.648014456125,1.10366166822,4.213900861428572,2.2221119573809527,16.575792290047623,5.211700053380952,0.45557034945625,4.421711058714286,3.0958209831428576,100.14017160085714,30.72435624333333,2.3299726545625,4.5234920502,5.270437376857144,260.4120161947619,82.98857862333334,6.507155552437499,4.773640410066666,74.5346756842857,23.55692554666667,2.01860899475,292.0651011652381,89.10804513047617,6.851151019125,2.1154,0.2328,0.2399,0.2316
AS8_Q1,Q,45,30.522785731428577,27.800422214761905,8.851760342714286,6.947786140400001,6.925097363380954,0.6418133005500001,23.968908128571428,26.778093700000007,11.377039454714284,182.78962293761901,38.91405092866667,2.0113608361,5.324650083238096,7.259700252857145,6.884978407809525,219.21524483619046,40.3299460647619,3.2756421416875,3.0818848847999996,6.655978952142858,3.6696050621428573,15.66424730890476,3.049997834952381,0.3214034670875,7.376942975190476,5.088550749428572,69.78388802433334,12.59263345147619,1.00698437543125,5.926068019800001,6.868783542000001,113.7125094175238,21.29772426952381,1.7409168370125,6.733186149599999,32.261293411142844,6.526997884095238,0.57423446504125,125.30147666142855,23.12411912238095,1.92372839163125,2.3582,0.1556,0.16,0.1532
AS8_R2,R,45,13.090300468571426,15.874063900476191,4.815162204571429,8.8639205948,16.756999493190474,1.42445432765625,7.6709924195714265,11.59173856447619,4.689628953095239,179.18200698047625,66.97276560466666,3.3981777428,1.306764903642857,2.5263431469523807,1.4237301805714284,158.99411092428568,51.81134196666665,4.2218093574375,1.4060845851,4.262785798,2.143417318714286,22.027216138571426,6.9673920246190475,0.60440456309375,3.4771797998095244,2.5225043070000006,113.23645423561906,35.38150760142857,2.7474296465625,3.0188602926000003,3.851305223666667,244.62223170857146,82.44512903142856,6.782577216750001,3.5337661426,69.94999935809523,22.938155856190477,1.97003155566875,274.9308204604762,85.77240244476191,6.705252840875,2.1573,0.2448,0.2545,0.2456
AS8_S2,S,45,14.076153255714289,19.873365857142858,6.318971520428573,12.683427716599999,23.83057676047619,1.918822214,5.741603942095238,9.988974367238095,4.343876986285714,181.56105014761903,68.01571044933334,3.3784297228,0.7549130008380952,1.631082659761905,1.181177502538095,136.51260730514284,44.6058683852381,3.5556430815625,1.00530248288,3.198663087047619,1.8401558341904765,19.42995827514286,6.171757437000001,0.536193232975,3.6893190200952377,2.7292126700476187,109.87839287466666,34.43700826619048,2.6235453635625,3.9281782629999995,4.731543699857142,267.833609532381,87.09009278809523,6.72996947175,4.4641555786666665,76.77372323714286,25.07674566952381,2.1023041568312504,298.2592925047619,94.29410243714287,7.134666830687499,2.3032,0.1999,0.2062,0.1981
AS8_T2,T,45,28.376653852857142,23.67487852809524,6.902986708333334,6.220745945,7.769321192000001,0.72860486990625,25.929659162857146,27.213626044285714,9.692176842190477,195.83152017,49.425263215333324,2.5624875664,4.147057862666666,5.446322986047619,2.8483695643333333,242.44887683666664,52.799463635238105,4.274434521937501,2.9262184302666667,5.731745084142856,2.91851925852381,21.541002034857144,4.791511410761904,0.453094834475,4.525391782999999,3.3263623146666674,114.4912040815714,24.047989118095238,1.9342697337499999,2.9751780986,3.428170680952381,181.01738466476186,40.54804992809524,3.328044556,2.5020937601999997,47.26057692895238,10.687942459,0.9574227854125001,194.49801563238094,41.585080281904766,3.23271052525,2.6666,0.2949,0.3154,0.3088
AS8_U0,U,45,15.94910994142857,22.51266229714286,6.729709784285714,8.9423802382,15.215778440857141,1.21235432471875,8.720520700238096,15.055414063809524,5.798840454666666,220.98508912523812,64.79573491400001,3.2027138948,1.091258372642857,2.3305960211904764,1.4942215624285715,184.28925727633333,47.051467350476194,3.6370064169375,0.8419586459600001,2.642407621761904,1.3943433022857143,14.891233250333336,3.8279286452857155,0.32770968786875,3.262631609333334,2.185766708285714,94.8762188442857,23.72501672904762,1.79841878650625,3.3102575302,3.6739556222380947,221.0227092680953,56.34120596000001,4.2791060358125,3.115715519666667,58.929069975000004,15.283199354999997,1.2413457743625,243.85765329809524,60.96323594619048,4.61679533125,2.0172,0.202,0.2065,0.1983
AS8_V2,V,45,22.97298703904762,23.664231255238096,7.038731007666666,9.768761824799999,12.706734952619048,1.02901861445625,15.399144627142856,19.565724280952377,7.329654194,205.81640452285714,56.454001617333326,2.8558182954999998,2.3279180355714284,3.6836985633809527,2.0992214566190475,212.13731878428575,50.979854673333335,4.0550412238125,1.84283154804,4.473427772476191,2.275747673809524,21.275521074428575,5.095802420666668,0.4417462479375,4.335941905047618,3.0038047630952383,107.1649802457619,24.782368114761912,1.8673113435,3.6034045696,4.060179290285714,207.5360247242857,50.12258820190476,3.943940624625,3.1542253018,56.986871538619035,14.007315931476192,1.2085330263,227.31804239285717,53.2923425047619,4.0070405454374995,2.4982,0.2879,0.3086,0.3005
AS8_W0,W,45,14.519508452857142,19.245380583333333,5.879223925714285,8.3231704708,14.327590442476188,1.2483544052,8.55744057604762,13.926968302380953,5.435203870142858,155.8720378852381,57.46462987266667,2.9888573407,0.9320416507238095,1.9119634911904761,1.1867022089095236,127.80754993161902,40.83074869428572,3.37124349925,1.2301068148066667,3.4764486039523814,1.8262199504285719,19.484014625333334,6.079270760190476,0.5401229877,4.0018281141904755,2.8100870789999997,117.24042084738096,35.908754621904755,2.8232012539999998,3.8300141812,4.307381005476191,255.93338575380955,81.22723788428571,6.495758742,3.6465371450666666,73.43926683809524,23.592051324285713,2.037144146875,286.17625100190475,87.80988183571428,6.9344563335,2.3858,0.2654,0.2878,0.2833
AS8_X2,X,45,32.12986546380953,25.38007154952381,6.925568467095238,6.153307246999999,6.079035304857143,0.5227330010375,26.54382451380952,25.911380950000005,8.947399911142858,186.5162412042857,38.046615854,1.9152458667,4.378880818714286,5.191225437952381,2.5954333259523805,246.0287956847619,43.62880152666667,3.3745269625625003,2.010341922466667,3.3653152897619045,1.539104438904762,15.10653018895238,2.7087263209047623,0.2414653534,2.448020446952381,1.6150572016190476,67.21676114171427,11.598742325571429,0.86100554094375,1.3225133893999999,1.6055695215238093,99.5752763517619,18.32817967766667,1.4479864611562498,1.2257511218133332,24.874884991809527,4.5411918730476195,0.433899048250625,103.57626858042858,18.04166475895238,1.2786234132124998,2.3487,0.1652,0.1754,0.1675
AS9_A0,A,53,16.670774730952377,23.309007054285715,6.875811236190476,10.303789996999999,14.87337950380952,1.2177670411625,9.466706184999998,16.211859159047616,6.170834791190476,185.60858064333334,57.77397104733333,2.8976676224999998,1.1085819460904762,2.2823936371904763,1.4180994942857144,160.37088194285712,43.533627736190475,3.4386482461875003,0.9886907975066668,2.878804604142857,1.4801621948571428,17.146471091666665,4.579284003809523,0.3969849506375,3.231127625333334,2.1686662434761907,99.49019752542857,26.09232748238095,2.0130596794875,2.9272127152,3.597212269190476,232.7929017185714,63.01396633380953,4.852156311125,3.0455497106,64.04765837523809,17.508719058000004,1.38796143591875,253.86448814380952,67.16595168285714,5.237631499875,2.3752,0.2575,0.2745,0.2712
AS9_B0,B,53,19.053650446666666,20.22346864476191,5.829233158238095,8.285561942200001,11.614220096714288,0.9628478698937499,13.559039160952379,17.39783168904762,6.581137974904761,239.07803280142855,63.105670929333336,3.1242405177999997,2.350580941952381,3.783148163952381,2.0823694524285714,235.23985886047618,53.85976228333334,4.149900853625,1.6599064866600002,4.109815506666665,2.022683699809524,19.199881349666665,4.395604689904762,0.37404373288750004,4.347020966714286,2.8060784112857142,103.63174211433332,23.175295875238096,1.7627388313124999,3.5810353278,3.8445680596190472,207.60379250142856,47.507135028571426,3.6183436586875004,2.866319433866667,54.16319295809523,12.496498471285712,0.9720935375249999,221.4245118195238,49.75157365333333,3.65721319625,2.187,0.2669,0.2847,0.2711
AS9_C0,C,53,19.25395384238095,18.33157494,5.4333238942857145,6.654921722599999,8.966080938761905,0.7532752528500001,17.53647781571428,20.76308182333333,7.715352989238095,201.76482804428568,53.49404017,2.7339170932,3.576618750857143,5.3472778228571425,2.6696143263333334,234.3140592580952,54.67996342857142,4.3592512756875,2.3909096004,5.678990863619048,2.7143944444285713,20.845526672714282,4.844751902904762,0.44245344774374995,4.372014999380952,3.010604801714286,103.4657759627619,23.232647713809527,1.8143988699375002,3.2511524201999995,3.6954240912380953,181.29234426809523,44.21345392904762,3.6059134081875,2.9077018897333327,50.16370241995238,11.997654255428571,1.0476975254875,201.89655076047615,45.405296688095234,3.474460855125,2.9324,0.3573,0.3767,0.362
AS9_D0,D,53,17.546831267142853,21.74778665809524,6.53322383342857,10.3936648384,16.17219745566667,1.356724355275,10.30372919357143,15.827377320000002,6.236039547619048,188.9801319680952,62.95108057666666,3.1811548947999997,1.3964938436666667,2.66921967547619,1.6304893436190475,174.62629195333332,51.05502255761904,4.0946596563124995,1.3290159821333334,3.844721555761905,1.9721229303809524,20.578054564523807,5.969542378333334,0.5304987263000001,3.713337171619049,2.7032844225238097,107.78386029947619,30.26244277,2.3544291256875,3.6354304313999997,4.370413280666667,231.04578272285713,68.9809932709524,5.563368275625,3.8300165494,66.34580898714286,19.729642051952382,1.76567803328125,259.22924750190475,73.14122499619047,5.727009684,2.476,0.3488,0.379,0.3719
AS9_E1,E,53,19.16584142047619,20.810041382380952,6.218602032857142,8.3899270058,12.044371673190474,1.03909869484375,13.550155095238093,17.973151343333335,6.822041829333334,215.8884107,59.77912750133333,3.0143638373,1.9125367233333328,3.130492437380952,1.8231175513333333,214.31607731476188,51.499605087142854,4.0941075086875,1.4713462670866666,3.453582457095238,1.728308019142857,19.86939071409524,4.775145519333333,0.41442379262499995,3.269062337380952,2.2369628122857144,105.33526568552381,24.734427542380953,1.8621959536875,2.6010091782,3.0848094736666667,213.08752478523806,52.00493776285713,4.0937052964375,2.4619050980000003,56.56593066385714,13.913132644904765,1.10973357414375,228.79225867666668,53.94141987333334,4.1768287121875,2.4482,0.2516,0.2691,0.2603
AS9_F1,F,53,8.24664065957143,15.285432406190477,4.72050068495238,9.8172200212,19.37650244542857,1.57468998048125,3.8704504626190483,8.89714338647619,3.617154064619047,136.90923263761906,62.59905039466667,3.1703855514,0.3754181989571429,1.0746649361809524,0.7680548428904763,100.09342268842857,40.40115601666667,3.261893823875,0.5295284609333333,2.2421922286190474,1.1517874485095239,16.291991812761903,6.323306867047618,0.5351179968374999,2.6758752436190476,1.8748189324761906,93.20555411780953,36.480439140952384,2.7514781951874996,3.5104463576000002,4.023973873666667,283.10663186333335,113.67866170238094,8.7781548799375,3.7970669428,85.38298783333333,33.75869860095238,2.6860670745625,319.3728142747619,123.20243744857143,9.2742313144375,2.1783,0.2366,0.242,0.2316
AS9_G2,G,53,20.14067422809524,19.705341384761905,5.683215845285714,8.5489727024,11.452396483238095,0.9458094761062501,15.238521621428571,18.521547862380952,7.1544661750000005,259.31951668190476,68.47695846533334,3.4610621214999995,2.692001229142857,4.021687337333333,2.2982894465714283,277.07870801238096,63.56604548857143,4.9738551378124995,1.8936045884200001,4.362428744619048,2.2045571519523812,23.54656884757143,5.319784766238095,0.47301872354375,4.418753760142857,2.8117609931904766,115.87106193557143,25.835665884761905,1.9880483075,2.9920582774000004,3.561084690619048,211.10255510190478,48.63777505666666,3.8297255338125,2.949491405333333,56.50669402014286,12.94692947747619,1.11816130204375,228.92677334619046,51.249895731904765,4.019625417875,2.3665,0.2683,0.2896,0.2753
AS9_H0,H,53,12.778240930190474,22.856064297142858,6.800217969142858,8.653900718,13.662378447380954,1.089272547475,6.394641331238096,13.67960453052381,5.289645649142857,134.85638536380952,47.16670277866668,2.3565753937,0.529671552642857,1.397652256952381,0.9083319135952381,105.5191391462857,32.2065744847619,2.6224984750625,0.5490037779133333,1.9298097405238095,1.008747787638095,12.123505694333334,3.6326371147619043,0.31223871745,2.723754394666667,1.9733549072857142,95.52290512347618,28.052187555238095,2.1352303699375,2.8589440345999995,3.529569353380952,254.50236101857146,76.59244828047618,5.8850467056874995,3.0471909999999998,72.90285963619048,22.011127971238096,1.75779518115625,285.5559453433333,83.86456426,6.446897968437501,2.7009,0.2749,0.2881,0.2743
AS9_I1,I,53,26.998320715238098,26.497409910476193,7.855695588380952,12.5458756448,17.55734502747619,1.4331762603937501,15.737644059047616,18.92244466142857,7.213096255333333,253.92078781190477,70.80463511066665,3.4856390715000005,2.4412236554761906,3.7003930410000003,2.150237702190476,258.60677697380953,62.67455010142856,4.8858442306875,1.9648450532000001,4.496322790761904,2.309676982,25.727317332904764,6.168051708333333,0.541179111225,3.897210961190475,2.7309789543809524,122.17139753314285,28.790337654285718,2.1677616238125,2.9034954550000003,3.5172506399999994,221.11834071809525,54.307626451428575,4.2586413919375,2.8862175463999997,60.08800515423809,14.698927085761909,1.2113093920375002,242.5996027390476,57.412543342380935,4.3593329339375,2.4144,0.2556,0.2716,0.2644
AS9_J1,J,53,19.06252125380952,21.452220643333334,6.600628875809522,10.7971669206,16.57348750909524,1.3392649591749999,11.113603909476192,15.31655892904762,6.129590148047619,219.44410410238092,64.68557408666666,3.2910140753,2.008174845190476,3.4772128490952383,1.8710828226666674,192.56774234619047,49.580461139047614,3.977299615625,1.6066810012266666,4.607813449047619,2.316725469761905,18.635710852380956,4.854781797904762,0.4373037861625,4.770388569190477,3.3894023553809527,102.60507179523809,25.426314580476195,1.9111516401250002,4.5657804488,4.975831758380952,222.2764062404762,57.62727682999999,4.623246386625,3.6592133680000005,61.6152227922381,16.47437363652381,1.3717652448375,246.8084104590476,61.674919763809505,4.7702020258125,2.2869,0.2727,0.2946,0.2872
AS9_K1,K,53,16.131225585714283,16.839465731904763,4.989713759619049,8.2468446726,13.489152500714289,1.09735278038125,11.689958072952383,15.19484806047619,5.852812744333333,206.65576539238094,65.91352768,3.3366486311,2.181249686619048,3.634568634476191,1.9587140991428578,213.1284862233333,59.13686207428571,4.709120452375,1.8823616425333336,5.085798626809524,2.540740864619048,25.444548811285717,6.9115722292380966,0.61064429024375,3.979046605761905,2.904126576095238,120.29287428319046,32.117984680952375,2.460235200875,3.0676537989999995,3.72065263695238,239.1845056414286,66.81896237,5.357656314625,3.0206266404,64.851031213,18.29902748819048,1.574445635125,258.60607411476184,69.31155159333333,5.1144617945,2.1862,0.2515,0.2601,0.2502
AS9_L1,L,53,18.349327676190477,20.954485756190476,6.097078221142857,7.86676073,12.24672335652381,1.00982777404375,13.514447303333332,18.35790198,6.793684414571429,222.11321517190473,60.833954366666674,3.1218172788,2.2322639510952382,3.976112047857142,2.103700808047619,214.3025143409524,51.03652291142856,4.079292759375,1.5424543221933333,4.175007649857142,1.9826289018571428,17.436929737095237,4.17888250795238,0.36930262855624996,3.877886840285714,2.5009107475238097,98.58911292519046,22.623772894285718,1.74394247300625,3.0169201372000005,3.360631874619048,199.0917413395238,48.65421086333333,3.9251841454375,2.646573622933333,52.511760706857146,13.084612256095237,1.11621327693125,217.25661427333333,50.52685310666667,3.8468668906875,2.094,0.2351,0.2378,0.233
AS9_M0,M,53,17.116888953333333,16.550922939047616,4.949535982857142,9.6729388242,12.525324456809523,1.0474583133625002,12.373157682380954,14.731935818095238,5.789147331619047,205.9442729090476,63.14580256133333,3.1650405884999997,2.1740179004761906,3.2418898514285712,1.8236576034761907,199.76621614333337,53.295120512380954,4.2285695821875,2.107752347,4.902830339666666,2.4764157306666665,26.697753066666667,6.95798669542857,0.59872459620625,4.125741981238095,3.032894736238095,123.81168184047621,31.837901842857143,2.4543915093125,3.3072319986,4.128451052190476,239.95294852857145,64.78094309904762,5.144146338125,3.514243189466667,67.81023961857143,18.45603779395238,1.5400186368312498,261.5373797690477,68.40093394761905,5.17023636425,2.6022,0.37,0.4017,0.3839
AS9_N0,N,53,20.917484193809525,19.569605237619047,5.647319975476191,7.833660412,11.296145689238095,0.9187725037875,17.211585544761903,19.92291464047619,7.325818493428572,263.1331060609523,67.60799458599999,3.3600698711,2.6190618844285716,3.823361589714286,2.2147567441904763,300.18887678809523,66.84086626999999,5.204502418625,1.791157515893333,3.940190633095238,1.9844468320476187,25.457469712904764,5.574130092380953,0.48348635435625,3.2886674175714283,2.226189516761904,115.98358486285716,25.196297236666666,1.903054826,1.9963237522,2.4745796407619047,210.2305488604762,47.01147361047619,3.6058911978749997,1.8041508675333335,52.06245561104761,11.731969334619047,0.94197099475,216.33791932666668,47.42367726285715,3.6690077633125,2.5216,0.1896,0.1947,0.1856
AS9_O1,O,53,19.45162900238095,22.087227685714282,6.454662005047618,9.049804591400001,12.539318152428573,1.04727075435,12.963750839523808,17.85722064904762,6.797501155380952,252.7554201347619,65.10052541066666,3.1547265529999997,2.05531030047619,3.4647343840000002,1.9666934807619048,253.1584257885714,56.44512240142858,4.2660299390625,1.31246039864,3.2761375335714282,1.6156895841904757,18.926006430333334,4.202979263857143,0.3641905579625,3.2809056100952385,2.1784947146190476,101.60899450280952,22.181781041904763,1.6310230642999999,2.4450946807999996,2.9455730913809526,199.1536141757143,44.426352364761904,3.434780701875,2.332178680133333,52.18843058114286,11.924746195380951,0.88525917190625,216.3491185033334,47.510912940476196,3.5643301606250004,2.5329,0.2514,0.2658,0.2547
AS9_P0,P,53,11.60039815495238,16.960092680476194,5.381246192047618,8.1987794886,14.88807800771429,1.22502212231875,6.6113758313333335,11.831728979904762,4.905974819571428,152.96943955,54.798530834,2.7569435358000005,1.0612497386380955,2.401799514190476,1.4050505673333331,121.66712996480953,38.35797982095238,3.112955018875,1.1745673854866667,4.237097604047618,2.239574597047619,16.03907573914286,5.022865885809524,0.43843289277499997,4.516681307904762,3.1946575640952375,99.69204192014286,30.010518300952384,2.33237013225,4.6909504892000005,5.425474916142857,258.06275893857145,80.75857543857141,6.3231741194375,4.7347545942,75.23210361761906,23.7593456,1.99955094224375,293.07033211380957,89.17457853,6.757161513,2.1945,0.2793,0.2898,0.2794
AS9_Q0,Q,53,33.2468243552381,29.07239260047619,8.988394668857143,7.615801620799999,7.608253047428572,0.6809272822125001,26.114658809999998,28.323575881428567,11.814257803809523,193.91167023857142,41.82316474933334,2.2795216919000003,5.7388366290476185,7.4761720838571435,6.688726334190477,236.67230782761908,44.586893989999986,3.7052886336875,3.2493554591333336,6.7678459484761895,3.6877389408571424,17.023147991142856,3.3641546339523813,0.35489988606875,7.034434363952381,4.8587285675238086,73.934589768,13.446766536047619,1.1245879940875,5.3526696206,6.354141553238096,120.32741210957143,22.94146324333333,1.92090983675625,6.273486868866667,33.33549018080952,6.8380336307619025,0.6939003523625,129.4805203309524,24.028990519047618,2.03852342446875,2.3213,0.165,0.1711,0.1642
AS9_R0,R,53,14.269047509999998,16.78702622190476,5.034215518333333,9.348503589600002,17.226959092619047,1.5235925614124999,8.464884894142857,12.449317796619049,5.003565708761905,188.55812667761904,69.811145274,3.571111226,1.4890285503333331,2.8157824107619045,1.5608410834761905,172.6581382290476,55.752063024285725,4.5745661109375,1.5642338037466668,4.623936948190477,2.3498557351904763,23.54179507147619,7.400236538476189,0.6584573350249999,3.697191374571428,2.7053687230952383,117.52158859709525,36.135638737142855,2.8133308888124997,3.178599787,3.955490850285714,247.86814544047618,82.84566878857143,6.80442482175,3.5508080322666666,70.29936522428572,22.978089423333333,2.0047856866875,277.04346974619045,85.62512788761903,6.785225660062499,2.2119,0.2708,0.2833,0.2731
AS9_S2,S,53,13.010317667142855,18.658907526666667,6.045093967809524,11.797708606399999,22.731482687142858,1.9115431085625,5.344161941952381,9.378758747809522,4.113579659285715,166.6041958242857,64.38933512266665,3.2681930065,0.6579522405428571,1.4609370685238094,1.0180591543809523,118.98668921361906,40.234408970000004,3.3258836716249998,0.9201297918600001,2.9968746276666667,1.7172088736666669,17.944785731142854,5.900890498,0.5168913751812501,3.5581608272857133,2.5891712734285712,104.92497310661903,34.08815674571429,2.680624030625,3.795046282,4.692071937333332,264.2640409857143,88.44306092666667,6.97398673025,4.486747630533333,76.30250294761903,25.633948235714282,2.11564719675,293.55658149428575,95.3463443557143,7.431374311312499,2.2967,0.1961,0.2047,0.1966
AS9_T2,T,53,28.238664990476188,25.937205087142853,7.59114374438095,7.0430295938,8.551558971428571,0.76947100086875,24.032218931904758,27.7347965247619,10.020229203619047,203.66528932857142,51.001310475333334,2.6380445958000003,3.758791094666666,5.436256998999999,2.938752651238095,252.15388624714285,54.72280956428571,4.401201710125,2.3594348350666667,5.188674018523809,2.665716137190476,19.788872979999997,4.438032195761904,0.41579499188125,4.15092445552381,2.982857250142857,103.10507674166668,21.621662276666665,1.67491667720625,2.9185523509999998,3.4125520048095233,180.3600826309524,39.932779403333335,3.2254854888124997,2.5358187040000004,47.560098920904764,10.778272242285716,0.93044902021875,195.67648452142853,41.36605153904761,3.3062221631875,2.512,0.306,0.3299,0.3232
AS9_U0,U,53,19.88315300761905,25.39265432857142,7.427218528428573,9.8553397182,16.356890361523806,1.3462822400499999,10.668390455904765,16.88052386333333,6.4885094506190475,238.06315935142854,67.589504242,3.3008647680000003,1.4102391856190477,2.7412943613333334,1.6697463875238097,205.63120601666668,50.81832704095239,3.90222799775,1.0676342129733334,3.1325234686666668,1.5985630410476186,16.52388576161905,4.15050600252381,0.3643761230625,3.6360938662857154,2.3918786219999997,102.23559592985714,24.579785846190475,1.7979013807,3.496855402,3.8311350459523807,230.13942528238096,56.892795563809514,4.431941896750001,3.042251857133333,61.23241274314285,15.465471812809524,1.2191337720250002,251.84762705190474,61.60722232952379,4.6095266938125,2.1735,0.2445,0.2516,0.2416
AS9_V2,V,53,22.339840298095243,21.243532135714286,6.133430798857143,8.8179490086,11.429644812047618,1.0194384306875,17.014969552857142,19.899958656666666,7.228003093238094,201.13466598904756,56.118189494000006,2.8705000638,2.672264661,3.874006203285714,2.086133815047619,216.19355451285713,52.42250706,4.27882629625,2.1554446538666667,4.907911879761905,2.424034697761905,22.605434578,5.371079354047619,0.48249436356250003,4.562080678380952,3.1359015079047614,111.3960340834762,26.031926700476188,2.0532363428125002,3.6916630741999996,4.04227587147619,209.25341841809526,51.525719324761916,4.1737125665,3.073930549533334,55.3113915605238,13.806175618333338,1.17225675276875,217.71206228333332,51.4046708952381,4.0228320658125,2.6514,0.316,0.3376,0.3289
AS9_W2,W,53,14.286421685238096,20.429579599047617,6.211386862238095,8.996754168399999,14.845276605095236,1.2373712024937502,7.949059804047617,13.930805433333333,5.47044113695238,154.48699573619047,55.49706624466667,2.8817441465,0.8760201022761904,1.8995625233809526,1.2020360203,128.53807027638095,40.110956464761905,3.27142554525,1.0145387809133335,3.1093622503333327,1.6249393110476191,17.508227609761907,5.377885375714286,0.47791911848124996,3.4620345319047616,2.437624380714285,101.42646053690476,30.555369422857147,2.3298831730625,3.6708311556000006,4.213724465619047,255.28937267571425,79.11312521285714,6.218620568125001,3.4962801614666663,72.97002405857143,23.029902640476195,1.9249845854999998,283.9487344666667,86.06408563428572,6.6468472925625,2.3465,0.2946,0.3174,0.31
AS9_X0,X,53,32.24565387857143,24.640488307619048,6.76215909795238,6.107663441,5.851201693190476,0.5249255076,27.905840011428577,26.504179183809523,9.06811069361905,182.82665670476192,37.79386037266667,1.9306314469,4.793649514476191,5.544964642666666,2.6633795669523805,244.06152896523807,43.487326394285716,3.3724120334375,2.1670978546,3.6557026817142857,1.6662070296190477,15.303789047714284,2.7593517587142857,0.24539773166249998,2.5457581450952382,1.6724981354761908,66.7989873457619,11.575653189809524,0.90422058853125,1.3890618799999999,1.584329792380952,98.5686168584762,18.124331428999998,1.441056177,1.100482547253333,24.39858378685714,4.514321917619047,0.37617848068125,100.86199563742858,17.899728274619047,1.377745713975,2.4702,0.1953,0.2084,0.1989
